date,CDC
0,8163.78
1,7129.29
2,8786.35
3,8100.4
4,7398.05
5,7801.2
6,8283.63
7,9390.42
8,7671.25
9,6814.02
10,6061.46
11,2351.24
12,6972.27
13,9074.4
14,6391.68
15,7877.06
16,10215.21
17,6952.83
18,8721.77
19,7284.93
20,7348.23
21,9084.64
22,8889.22
23,7753.51
24,5968.13
25,9061.8
26,7228.47
27,5813.15
28,8526.57
29,8051.17
30,7163.75
31,6485.06
32,8204.23
33,8840.41
34,7836.1
35,7215.37
36,9088.3
37,9170.59
38,7637.31
39,6180.86
40,6529.03
41,8202
42,8492.69
43,8467.97
44,8094.45
45,5858
46,7832.66
47,6484.2
48,6070.26
49,7572.47
50,9115.36
51,9636.64
52,7239.69
53,7451.08
54,5961.3
55,6962.42
56,5583.11
57,9883.59
58,9419.79
59,6091.53
60,8924.94
61,8739.84
62,8778.41
63,9771.57
64,4789.93
65,8647.41
66,9005.91
67,8750.4
68,5750.84
69,8480.23
70,24360.96
71,18467.31
72,7868.4
73,16863.31
74,6680.51
75,11541.58
76,23835.99
77,12926.13
78,9104.39
79,10603.51
80,8909.1
81,17260.03
82,18467.31
83,6963.83
84,26569.39
85,11960.92
86,26269.52
87,7960.84
88,8657.02
89,15813
90,11918.84
91,7282.7
92,8965.42
93,14348.56
94,23835.99
95,9904.31
96,22845.59
97,7283.06
98,7710.69
99,9189.53
100,6442.3
101,6738.28
102,5126.06
103,6938.02
104,5540.08
105,10912.86
106,7346.06
107,6732.9
108,7720.76
109,6013.68
110,4901.63
111,8332.41
112,6486.28
113,5504.16
114,4503.86
115,5642.23
116,6345.83
117,5839.25
118,4809.67
119,3982.99
120,5851.2
121,7827.66
122,7263.57
123,5882.38
124,6991.52
125,6245.82
126,10375.92
127,4974.94
128,6491.51
129,6851.84
130,5550
131,6073.35
132,6010.26
133,7046.41
134,4419.89
135,4191.66
136,4860.86
137,5222.99
138,9789.26
139,5698.53
140,6718.76
141,7521.55
142,6553.9
143,6669.6
144,8397.61
145,6062.22
146,6211.98
147,4030.83
148,9368.58
149,5938.75
150,5013.82
151,5962.96
152,5268.79
153,6408.48
154,6334.47
155,5175.42
156,5670.75
157,8354.14
158,6312.48
159,3193.92
160,7998.06
161,4888.42
162,6564.85
163,5576.21
164,6776.57
165,4282.47
166,10192.12
167,3100.63
168,4549.62
169,6040.7
170,7080.14
171,9082.33
172,6389.55
173,5871.57
174,6118.07
175,7131.04
176,5684.23
177,8355.45
178,7029.02
179,7404.44
180,5974.41
181,5754
182,6050.9
183,7501.96
184,9905.09
185,4278.12
186,8965.09
187,1771.45
188,7275.11
189,6441.1
190,4975.5
191,4627.12
192,9047.34
193,10502.67
194,5429.8
195,8925.92
196,5187.93
197,7671.26
198,15152.7
199,9368.54
200,8877.11
201,9798.55
202,6430
203,6267.02
204,9790.97
205,8747.42
206,8193.58
207,7272
208,7519.42
209,8466.19
210,4863.64
211,4043.24
212,8079.32
213,7800.69
214,5973.64
215,6993.24
216,6091.68
217,7156.92
218,7098.53
219,7721.92
220,9336.4
221,7986.23
222,8916.6
223,9587.21
224,7575.34
225,7376.97
226,9645.79
227,7369.55
228,9849.15
229,9603.85
230,5156.03
231,2362.76
232,5050.62
233,9027.06
234,7683.83
235,7049.01
236,6951.59
237,5780.22
238,4859.58
239,8930.82
240,10250
241,7263.42
242,7815.4
243,7149.04
244,5813.26
245,9529.92
246,6347.79
247,4939.75
248,6115.72
249,8588.84
250,7854.49
251,6599.02
252,4779.96
253,4369.1
254,3350.56
255,7263.89
256,7383.57
257,4553.72
258,3729.22
259,3760.99
260,7067.11
261,3357.63
262,6023.83
263,4493.3
264,3696.39
265,6838.92
266,8359.26
267,5189.65
268,3043.44
269,3063.44
270,3865.55
271,4024.35
272,5640.16
273,2514.39
274,5968.97
275,4125.15
276,3762.14
277,4146.6
278,6006.7
279,8331.23
280,6859.25
281,3736.16
282,6238.48
283,6501.53
284,10013.05
285,5593.68
286,6779.24
287,4677.45
288,4651.13
289,6056.51
290,5209.99
291,3067.18
292,5603.79
293,7592.72
294,5340.13
295,8959.54
296,8538.88
297,7925.8
298,6205.64
299,5539.25
300,17582.4
301,4426.01
302,5160.1
303,5968.89
304,4210.68
305,4543.48
306,6678.46
307,4631.2
308,6569.5
309,6729.21
310,5641.75
311,6975.67
312,7561.65
313,7556
314,4809.54
315,5086.34
316,8760.64
317,7939.99
318,8136.61
319,6146.95
320,8704.2
321,7514.51
322,5958.05
323,6545.9
324,7390.73
325,9205.13
326,6295.68
327,7615.84
328,6924.46
329,6633.97
330,6176.89
331,6787.87
332,5757.75
333,5782.72
334,7245.99
335,5531.32
336,6201.7
337,4065.96
338,9899.25
339,6683.89
340,2606.55
341,5872.83
342,5406.14
343,6808.46
344,5278.2
345,6621.27
346,6961.89
347,7797.45
348,5245.45
349,6884.55
350,8172.09
351,8100.59
352,5153.14
353,7158.47
354,7373.52
355,10151.82
356,6582.68
357,6272.39
358,6764.66
359,7357.89
360,6557.51
361,6608.07
362,13894.62
363,6532.6
364,6676.43
365,5453.74
366,4726.33
367,7675.17
368,8759.02
369,7975.25
370,7315.11
371,7433.32
372,8814.96
373,5287.1
374,6387.18
375,7235.53
376,6282.81
377,7947.85
378,6500.89
379,7084.24
380,7274.23
381,5452.3
382,5788.51
383,6579.4
384,7246.82
385,4637.42
386,4632.36
387,3606
388,5670.51
389,7613.7
390,4345.02
391,4054.38
392,4273.69
393,5336.37
394,6629.97
395,4479.05
396,5284.33
397,6097.57
398,5127.01
399,4034.79
400,4580.48
401,6139.74
402,3675.51
403,4892.14
404,5321.56
405,4815.05
406,5257.41
407,5405.91
408,4249.41
409,4658.18
410,5144.84
411,6642.39
412,10827.93
413,4816.64
414,5325.18
415,4798.53
416,4022.65
417,5324.8
418,7192.48
419,6536.14
420,4499.34
421,4984.59
422,5314.77
423,5095.49
424,5998.27
425,4014.82
426,4510.15
427,5690.12
428,6139.84
429,7233.75
430,6583.09
431,3838.87
432,3868.56
433,6124.64
434,6348.14
435,4455.31
436,3469.86
437,5753.06
438,4454.55
439,4442.25
440,5913.34
441,2963.21
442,7055.47
443,5665.11
444,5630.29
445,3816.05
446,6304.42
447,5425.77
448,4274.7
449,5825.86
450,7867.08
451,5037.96
452,4998.9
453,5811.04
454,4167.43
455,5499.88
456,4883.48
457,3272.72
458,3280.74
459,3304.67
460,3723.91
461,6592.32
462,6943.35
463,4173.67
464,5507.22
465,5232.43
466,3857.1
467,4524.19
468,3699.88
469,4376.17
470,3953.28
471,5676.95
472,4490.07
473,6013.15
474,5298.07
475,6343.29
476,3320.22
477,4059.53
478,5638.59
479,5831.61
480,5475.79
481,3595.89
482,5213.58
483,3945.79
484,4737.46
485,5640.87
486,6470.81
487,5507.03
488,4833.56
489,3957.74
490,5903.73
491,6112.82
492,4568.65
493,6031.61
494,4791.44
495,3899.3
496,5535.72
497,7060.9
498,6363.67
499,6021
500,6565.76
501,5071.17
502,5091.19
503,3942.35
504,6785.58
505,3372.82
506,5724.35
507,5804.91
508,6352.31
509,5668.58
510,4274.61
511,5389.33
512,5641.46
513,4320.17
514,17640.77
515,7085.8
516,4132.36
517,4879.6
518,3594.8
519,6222.02
520,3291.39
521,6376.7
522,5363.26
523,6205.1
524,4640.32
525,6770.81
526,3970.41
527,5114.2
528,8904.17
529,4458.14
530,5911.69
531,7819.13
532,5819.86
533,5283.68
534,5510.16
535,4586.96
536,4270.15
537,4464.14
538,4411.22
539,2546.11
540,5883.47
541,5991.67
542,5188.14
543,4234.46
544,5271.41
545,4780.97
546,8403.4
547,10053.83
548,0
549,10806.03
550,8816.32
551,9262.96
552,3679.55
553,4832.13
554,4408.23
555,9647.34
556,3580.36
557,9860.57
558,4086.37
559,4578.17
560,4554.77
561,3740.3
562,3234.51
563,4340.03
564,5799.88
565,2921.03
566,4556.8
567,1301.75
568,6224.28
569,4379.93
570,11366.35
571,2053.91
572,2328.39
573,4444.49
574,7938.62
575,4457.99
576,3016.36
577,8471.22
578,5573.42
579,2984.44
580,7287.94
581,7999.02
582,7342.57
583,3187.41
584,5561.09
585,4865.34
586,4171.23
587,3975.24
588,6546.7
589,3007.48
590,5193.36
591,2413.13
592,10475.62
593,6390.47
594,4031.83
595,9615.64
596,5693.44
597,6447.14
598,7909.39
599,7813.94
600,7012.36
601,9115.8
602,6710.93
603,9170.94
604,12125.61
605,9992.61
606,7577.25
607,9860.33
608,7049.71
609,8113.2
610,8630.61
611,9958.78
612,6585.6
613,9642.79
614,6234.77
615,8219.87
616,9671.23
617,9719.71
618,6630.23
619,7171.88
620,8300.53
621,9088.82
622,9116.45
623,8715.77
624,10439.17
625,5852.4
626,7926.91
627,6961.54
628,6279.65
629,10782.46
630,6680.74
631,7668.71
632,6977.94
633,9104.82
634,6305.91
635,7539.01
636,8354.36
637,6348
638,10703.04
639,8239.22
640,7798.88
641,9172.07
642,8225.56
643,9545.51
644,8475.28
645,9184.89
646,8968.8
647,8098.62
648,11929.61
649,7398.47
650,8075.09
651,9378.08
652,10401.99
653,8253.52
654,7260.59
655,8227.44
656,7405.15
657,6931.66
658,6585.84
659,9790.08
660,6918.47
661,6484.41
662,9393.25
663,9709.43
664,6496.11
665,7781.92
666,8357
667,9122.19
668,7984.58
669,7814.45
670,8020.06
671,7066.48
672,5471.28
673,8677.86
674,7819.24
675,7601.55
676,7347.35
677,11876.88
678,12207.19
679,8244.72
680,7028.88
681,7192.37
682,8386.47
683,9106.06
684,7985.4
685,10028.16
686,10299.96
687,10217.01
688,7005.43
689,5623.96
690,8738.85
691,8960.63
692,8666.94
693,8631.01
694,10868.34
695,9471.18
696,6737.02
697,4329.62
698,5928.33
699,6986.26
700,6309.98
701,5859.8
702,3746.88
703,2955.2
704,3791.32
705,7009.98
706,9538.29
707,5399.4
708,5117.46
709,5899.56
710,5118.29
711,6114.23
712,6182.51
713,5709.01
714,5284.09
715,5543.42
716,3838.78
717,7562.1
718,7469.25
719,7225.01
720,3906.29
721,4701.13
722,8494.02
723,6008.91
724,6478.25
725,5005.72
726,6260.86
727,7039.36
728,4605.69
729,7327.2
730,6067.06
731,8362.51
732,6490.93
733,6537.14
734,6062.81
735,6679.45
736,5130.72
737,5892.51
738,10184.72
739,4329.45
740,1961.39
741,6155.37
742,6158.88
743,7229.43
744,5827.81
745,4940.79
746,4077.14
747,4729.38
748,4941.48
749,5210.48
750,4734.2
751,5142.67
752,4369.3
753,6002.84
754,5957.41
755,5710.99
756,5870.48
757,4817.88
758,7162.59
759,6820.61
760,6387.76
761,5698.68
762,4266.22
763,5484.89
764,4946.25
765,6796.34
766,8003.16
767,5551.75
768,7644.62
769,8334.66
770,4990.88
771,4240.05
772,5735.09
773,5675.19
774,3553.16
775,6143.59
776,3478.98
777,4975.92
778,7868.24
779,6310.48
780,6253.84
781,5881.41
782,4392.07
783,7785.92
784,4733.18
785,7570.89
786,4230.32
787,6970.39
788,5591.21
789,3411.62
790,5663.5
791,5187.38
792,5037.84
793,6022.69
794,5229.08
795,5344.12
796,4684.75
797,4057.83
798,7150.02
799,3267.04
800,4813.36
801,7778.23
802,4066.49
803,5500.12
804,7430.09
805,4621.89
806,5927.88
807,6578.33
808,7323.06
809,7442.61
810,3857.79
811,5520.25
812,4274.67
813,5036.71
814,2877.73
815,6149.98
816,6966.12
817,6192.43
818,3801.18
819,5894.49
820,4224.54
821,6971.97
822,4654.13
823,5054.56
824,6048.84
825,5839.32
826,6564.76
827,4406.43
828,4047.94
829,4760.07
830,6167.64
831,3331.21
832,5272.13
833,5503.44
834,8056.05
835,5758.01
836,6469.33
837,7747.31
838,5461.84
839,5766.62
840,7915.17
841,7630.19
842,4636
843,6825.07
844,4468.59
845,6288.27
846,6651.57
847,7209.34
848,5359.44
849,3898.89
850,6358.94
851,6712.16
852,5806.49
853,4772.02
854,4118.68
855,4933.28
856,6422.82
857,6665.28
858,4408.88
859,3737.36
860,4884.14
861,5878.12
862,7269.86
863,3840.85
864,8173.45
865,5865.47
866,4507.2
867,6474.32
868,5680.42
869,5606.47
870,5342.22
871,6329.61
872,5032.3
873,4262.89
874,5476.5
875,5930.39
876,6437.36
877,6700.78
878,4727.02
879,4587.49
880,5900.26
881,6536.31
882,5450.68
883,5408.53
884,5432.47
885,4916.25
886,4376.05
887,6193.26
888,10178.65
889,6948.34
890,5518.57
891,4721.02
892,5252.35
893,9123.42
894,5437.1
895,6123.03
896,5135.89
897,5661.61
898,7292.28
899,3387.35
900,6619.81
901,6210.98
902,5690.86
903,5685.35
904,6941.12
905,7333.49
906,9286.9
907,7039.28
908,6503.9
909,6039.48
910,8325.77
911,4824.9
912,5770.8
913,5001.21
914,7964.63
915,5668.13
916,6056.11
917,5774.34
918,7893.91
919,7245.87
920,8662.35
921,9006.98
922,3740.8
923,4951.33
924,7806.74
925,3899.21
926,5537.21
927,7711.49
928,4712.67
929,6131.53
930,6248.53
931,5965.46
932,6634.22
933,6160.85
934,4455.58
935,5774.58
936,5090.86
937,8155.79
938,5472.36
939,6812.78
940,4422.61
941,7605.92
942,7050.75
943,6838.46
944,7021.24
945,6714.88
946,4656.43
947,6025.33
948,6282.68
949,6088.05
950,5626.94
951,5266.85
952,5063.68
953,6187.06
954,6946.96
955,5490.84
956,6304.81
957,6871.92
958,7863.14
959,4978.92
960,8606.18
961,7107.42
962,6389.71
963,4212.05
964,5533.63
965,7518.02
966,5025.82
967,5976.79
968,4626.04
969,5508.23
970,5599.5
971,4390.38
972,6135.68
973,6800.73
974,5641
975,7704.85
976,7986.46
977,5394.66
978,5644.74
979,6168.06
980,6785.36
981,5832.45
982,8915.18
983,4935.18
984,9296.69
985,7313.6
986,5814.49
987,4018.47
988,4827.97
989,6229.32
990,8234.52
991,8253.66
992,5432.53
993,10024.99
994,6966.9
995,7891.17
996,3942.63
997,8090.62
998,12584
999,8109.27
1000,6242.66
1001,7726.82
1002,12213.73
1003,7235.47
1004,5058.41
1005,12707.87
1006,6377.89
1007,6855.1
1008,6630.92
1009,8205.73
1010,6469.07
1011,6295.94
1012,5294.18
1013,6847.95
1014,11527.4
1015,8156.47
1016,6290.02
1017,10335.63
1018,8592.49
1019,9992.21
1020,8641.88
1021,8330.87
1022,6786.47
1023,4880.58
1024,13143.53
1025,7344.42
1026,8363.21
1027,6954.24
1028,11618.75
1029,8648.6
1030,4054.27
1031,5885.74
1032,6413.43
1033,7946.06
1034,4977.73
1035,7121.45
1036,10227.66
1037,11741.38
1038,6993.85
1039,9335.98
1040,12049.19
1041,7873.5
1042,6461.8
1043,7801.38
1044,8576.21
1045,4520.51
1046,9454.86
1047,6999.74
1048,9419.54
1049,6541.63
1050,9234.66
1051,5925.84
1052,12177.47
1053,9051.22
1054,6778.72
1055,9994.53
1056,7573.28
1057,9577.26
1058,14670.45
1059,12875.28
1060,8677.98
1061,7755.96
1062,8146.66
1063,6353.82
1064,7088.85
1065,6356.01
1066,11920.4
1067,6668.86
1068,7674.19
1069,9596.29
1070,7264.06
1071,5234.72
1072,8396.63
1073,6983.03
1074,4994.49
1075,12051.13
1076,8174.91
1077,7615.94
1078,7436.65
1079,10096.97
1080,12367.58
1081,8611.49
1082,9175.27
1083,7401.31
1084,5626.4
1085,6263.55
1086,5770.1
1087,10396.35
1088,5757.35
1089,18887.35
1090,11198.1
1091,12225.93
1092,8194.95
1093,8111.95
1094,10386.44
1095,12363.03
1096,10422.38
1097,7801.23
1098,6904.76
1099,8625.86
1100,6661.17
1101,10225.5
1102,4018.21
1103,10265.58
1104,5123.19
1105,7169.19
1106,7789.49
1107,8424.98
1108,13165.8
1109,7270.86
1110,9728.66
1111,15537.2
1112,9078.3
1113,5497.62
1114,5423.95
1115,8963.37
1116,5997.9
1117,7682.38
1118,5597.8
1119,8677.57
1120,11764.11
1121,9538.51
1122,7294.67
1123,15073.63
1124,2939.88
1125,5350.71
1126,6036.97
1127,8375.29
1128,9427.27
1129,8281.88
1130,13175.97
1131,6145.78
1132,6351.22
1133,8748.48
1134,8142.39
1135,7963.6
1136,9187.63
1137,8803.33
1138,7014.88
1139,4396.2
1140,7770.8
1141,7982.46
1142,6493.55
1143,8786.59
1144,7688.77
1145,6647.74
1146,8088.72
1147,8142.45
1148,7330.66
1149,10093.97
1150,6763.82
1151,10681.11
1152,8449
1153,5780.67
1154,12946.02
1155,8097.44
1156,7245.38
1157,6751.46
1158,3691.34
1159,8077.36
1160,6839.87
1161,7816.2
1162,5979.64
1163,6257.59
1164,7865.77
1165,8257.02
1166,8675.56
1167,7627.99
1168,9797.39
1169,7544.82
1170,4263.23
1171,7723.98
1172,10026.06
1173,9676.88
1174,12095.97
1175,3654.92
1176,9213.17
1177,7761.57
1178,13193.68
1179,8138.94
1180,8036.74
1181,7621.85
1182,8981.84
1183,7889.95
1184,7296.27
1185,8717.58
1186,9998.82
1187,8662.53
1188,7683.51
1189,9696.14
1190,7508.46
1191,7450.85
1192,8679.39
1193,7447.15
1194,5814.25
1195,5349.25
1196,4392.29
1197,4304.59
1198,4553.96
1199,5445.51
1200,7170.31
1201,6367.29
1202,5573.52
1203,6614.08
1204,5188.24
1205,6885.7
1206,5102.43
1207,8110.31
1208,6953.37
1209,3936.02
1210,5543.17
1211,4368.36
1212,5010.6
1213,4422.41
1214,5618.24
1215,4755.53
1216,6971.12
1217,7559.98
1218,10926.51
1219,6269.95
1220,5954.37
1221,7164.83
1222,6648.6
1223,9107.76
1224,8656.98
1225,7804.01
1226,6228.61
1227,6612.85
1228,5849.35
1229,8077.65
1230,6478.04
1231,3056.12
1232,5544.62
1233,4988.96
1234,4837.16
1235,4844.75
1236,5637.3
1237,7966.88
1238,5132.39
1239,5303.26
1240,4660.55
1241,5508.44
1242,5804.63
1243,7315.92
1244,4431.62
1245,4322.43
1246,5392.48
1247,5826.13
1248,5802.9
1249,10135.06
1250,5338.98
1251,8014.76
1252,9001.97
1253,8754.1
1254,4234.62
1255,6837.15
1256,5548.29
1257,8844.4
1258,5458.28
1259,7059.52
1260,6036.64
1261,5955.03
1262,6316.79
1263,8171.15
1264,6264.64
1265,4182.84
1266,9642.1
1267,4247.79
1268,7743.39
1269,7276.68
1270,6170.31
1271,6252.29
1272,8317.63
1273,6057.54
1274,5253
1275,4595.37
1276,7475.81
1277,7305.91
1278,4880.4
1279,6648.68
1280,9469.05
1281,5501.25
1282,7772.24
1283,6807.53
1284,4436.95
1285,8081.66
1286,6129.45
1287,5040.29
1288,7916.28
1289,5301.5
1290,3634.11
1291,6004.68
1292,5302.12
1293,8856.09
1294,6377.8
1295,4276.81
1296,7395.18
1297,5025.59
1298,3543.2
1299,5638.93
1300,5243.46
1301,3017.77
1302,4883.62
1303,6986.52
1304,7170.98
1305,4437.06
1306,5304.88
1307,6819.82
1308,7351.51
1309,5428.26
1310,5726.99
1311,10871.84
1312,8930.96
1313,5536.52
1314,5998.98
1315,6610.72
1316,6391.17
1317,7328.1
1318,8760.31
1319,9076.34
1320,6534.8
1321,6605.89
1322,8589.12
1323,6031.11
1324,7035.16
1325,7338.96
1326,5634.59
1327,7826
1328,5613.45
1329,5692.72
1330,6305.81
1331,6240.9
1332,7269.35
1333,6147.88
1334,7640.07
1335,6386.92
1336,6740.35
1337,6185.37
1338,6655.14
1339,6999.22
1340,7777.66
1341,7693.53
1342,6542.3
1343,4663.09
1344,6811.42
1345,6185.28
1346,5949.67
1347,6993.19
1348,5909.73
1349,9330.28
1350,7836.3
1351,6803.89
1352,5160.48
1353,4538.39
1354,6082.63
1355,5527.16
1356,8121.38
1357,11163.37
1358,6041.05
1359,7067.04
1360,6536.97
1361,5674.19
1362,7233.62
1363,5938.26
1364,5235.48
1365,6529.72
1366,6519.01
1367,5725.51
1368,9179.18
1369,6126.41
1370,6990.55
1371,6054.96
1372,5358.34
1373,8146.25
1374,10294.29
1375,7318.82
1376,4364.92
1377,6816.04
1378,7244.99
1379,5344.01
1380,5571.7
1381,5097.25
1382,8286.51
1383,6074.58
1384,5614.09
1385,6182.34
1386,7816.85
1387,5517.18
1388,8046.97
1389,5320.52
1390,8299.57
1391,7671
1392,6556.65
1393,9223.81
1394,5587.77
1395,6921.63
1396,5836.46
1397,6589.34
1398,7903.47
1399,5318.08
1400,7580.66
1401,4795.89
1402,7826.17
1403,5456.6
1404,8556.18
1405,6695.74
1406,7816.29
1407,7151.33
1408,5278
1409,8466.37
1410,9415.32
1411,4661.8
1412,4433.43
1413,6414.41
1414,7860.28
1415,7479.07
1416,8708.96
1417,6242.95
1418,7399.48
1419,5510.26
1420,6575.47
1421,5218.58
1422,4605.46
1423,5947.69
1424,6084.7
1425,6782.25
1426,4750.12
1427,4340.27
1428,3466.5
1429,8794.39
1430,6259.74
1431,8240.27
1432,4492.16
1433,7216.08
1434,7731.51
1435,4885.96
1436,7012.31
1437,7404.12
1438,4646.21
1439,7556.04
1440,5507.76
1441,8701.27
1442,4697.87
1443,6465.01
1444,6379.38
1445,7256.85
1446,7329.18
1447,6020.82
1448,7945.64
1449,7447.53
1450,8094.64
1451,5590.42
1452,8284.57
1453,5307.87
1454,6144.69
1455,5151.69
1456,5913.28
1457,8330.82
1458,8155.66
1459,8314.16
1460,3945.82
1461,6744.33
1462,4903.3
1463,5230.28
1464,6410.82
1465,5975.13
1466,7275.33
1467,5133.36
1468,4989.48
1469,5151.67
1470,7926.42
1471,8151.49
1472,5668.59
1473,7572.42
1474,7657.89
1475,5530.97
1476,6326.7
1477,4905.1
1478,8834.74
1479,1761.26
1480,8437.75
1481,6458.62
1482,6928.25
1483,5543.92
1484,6108.86
1485,9255.3
1486,5293.87
1487,4258.24
1488,5640.62
1489,4996.33
1490,7642.89
1491,7310.63
1492,6279.95
1493,8983.09
1494,6706.96
1495,5365.9
1496,6181.83
1497,3977.98
1498,6917.63
1499,6106.66
1500,5115.34
1501,5848.94
1502,6983.07
1503,5440.34
1504,5424.64
1505,5634.79
1506,2945.35
1507,5734.11
1508,6072.04
1509,4127.84
1510,5656.36
1511,5991.22
1512,6055.15
1513,5423.95
1514,4327.71
1515,5278.4
1516,4535.46
1517,9968.75
1518,9186.57
1519,6031.6
1520,9207.17
1521,5969.55
1522,8507.61
1523,8453.05
1524,6992.28
1525,6789.6
1526,6631.8
1527,8549.22
1528,6169.45
1529,5965.45
1530,8272.44
1531,6008.57
1532,6965.06
1533,5662.06
1534,6996.75
1535,4938.01
1536,5231.13
1537,4820.75
1538,8336.72
1539,6463.02
1540,7114.07
1541,5739.8
1542,4777.35
1543,4915.11
1544,6858.05
1545,4852.24
1546,7406.25
1547,6552.36
1548,4484.93
1549,9833.08
1550,4097.49
1551,4523.38
1552,6804.61
1553,4988.57
1554,7144.55
1555,4131.42
1556,6767.17
1557,5138.22
1558,5045.85
1559,4381.87
1560,6434.69
1561,8497.05
1562,7914.7
1563,7208.39
1564,6370.85
1565,2692.08
1566,6584.98
1567,4164.84
1568,4620.86
1569,5752.16
1570,5382.27
1571,5339.33
1572,4433.81
1573,4394.92
1574,7141.89
1575,6076.45
1576,7298.57
1577,8233.28
1578,7751.73
1579,4766.91
1580,4077.34
1581,3060
1582,8069.51
1583,4371.86
1584,10370.96
1585,4472.02
1586,4303.36
1587,6109.41
1588,5580.33
1589,4543.69
1590,5874.64
1591,5714.04
1592,5111.16
1593,5165.83
1594,3945.24
1595,8445.13
1596,4773.33
1597,7367.21
1598,4421.89
1599,9362.56
1600,10746.92
1601,5531.48
1602,4988.32
1603,4552.67
1604,8891.94
1605,7542.15
1606,5490.19
1607,6686.31
1608,5805.12
1609,10831.48
1610,4497.56
1611,5791.94
1612,7508.23
1613,7750.3
1614,2384.72
1615,9554.25
1616,3532.27
1617,4853.43
1618,6551.79
1619,5646.03
1620,3587.53
1621,7154.14
1622,7152.32
1623,6504.08
1624,6041.2
1625,4567.33
1626,7732.56
1627,10741.17
1628,7800.79
1629,6712.38
1630,4662.14
1631,7214.3
1632,2258.74
1633,3136.02
1634,6242.65
1635,5707.51
1636,5878.11
1637,3156.9
1638,4348.7
1639,4841.25
1640,9278.45
1641,8112.39
1642,3046.39
1643,7978.18
1644,5922.95
1645,3049.17
1646,4522.4
1647,5270.88
1648,4349.58
1649,2155.2
1650,7693.29
1651,4468.49
1652,4850.37
1653,7091.16
1654,6102.7
1655,5541.47
1656,1295.9
1657,3355.72
1658,3870.93
1659,5797.3
1660,5082.08
1661,6513.76
1662,6294.34
1663,6890.96
1664,5465.2
1665,7385.35
1666,6347.22
1667,5498.74
1668,4740.01
1669,2179.68
1670,6621.74
1671,6271.08
1672,4715.67
1673,3843.48
1674,4788.03
1675,8678.68
1676,3190.14
1677,4645.08
1678,5295.31
1679,6582.64
1680,7463.4
1681,7438.29
1682,5965.78
1683,5437.56
1684,4666.01
1685,4377.67
1686,6437.1
1687,6177.71
1688,7457.85
1689,6145.28
1690,5577.86
1691,2086.66
1692,4414.11
1693,8063.25
1694,8387.11
1695,2721.97
1696,5206.08
1697,6299.86
1698,6496.41
1699,3372.47
1700,4406.57
1701,4200.9
1702,2721.36
1703,5234.83
1704,4879.26
1705,3225.82
1706,4240.05
1707,5280.85
1708,7402.93
1709,8034.04
1710,5213.91
1711,3915.64
1712,3441.31
1713,7424.72
1714,6434.42
1715,6678.07
1716,5740.23
1717,4647.17
1718,5810.06
1719,4908.83
1720,5625.69
1721,3182.28
1722,7416.47
1723,6099.64
1724,7251.28
1725,5927.48
1726,5604.16
1727,8378.84
1728,1842.29
1729,6777.18
1730,6558.34
1731,4527.74
1732,8518.22
1733,4987.29
1734,5051.46
1735,5498.06
1736,3430.52
1737,4087.85
1738,5596.67
1739,2631.53
1740,9067.01
1741,5315.05
1742,6247.23
1743,6041.6
1744,6366.56
1745,2681.96
1746,8750.6
1747,5299.26
1748,7526.1
1749,3786.95
1750,2944.39
1751,4696.47
1752,1922.19
1753,2263.66
1754,4049.17
1755,3279.95
1756,4503.54
1757,12808.04
1758,5214.68
1759,14661.74
1760,2207.09
1761,6003.38
1762,1471.86
1763,5871.31
1764,7789.18
1765,7446.35
1766,7220.87
1767,6051.38
1768,8056.85
1769,6893.39
1770,6449.51
1771,6850.91
1772,7965.07
1773,7442.18
1774,9576.33
1775,12135.02
1776,9631.32
1777,9351.19
1778,9989.22
1779,10238.95
1780,10783.07
1781,8173.9
1782,11002.69
1783,8909.67
1784,10839.05
1785,11171.42
1786,10506.88
1787,10535.42
1788,9723.05
1789,10648.91
1790,7423.24
1791,10130.6
1792,9071.24
1793,10305.94
1794,8587.65
1795,8494.23
1796,3912.65
1797,5675.16
1798,11062.8
1799,4371.46
1800,6555.12
1801,12299.8
1802,7348.91
1803,4418.43
1804,13460.26
1805,8139.56
1806,4800
1807,7193.88
1808,5785.87
1809,8047.2
1810,10465.15
1811,6478.59
1812,12416.12
1813,5927.97
1814,6206.86
1815,7924.41
1816,10269.52
1817,7389.25
1818,9085.64
1819,11021.46
1820,8230.42
1821,9074.35
1822,4911.5
1823,6491.54
1824,6619.19
1825,4993.2
1826,5173.73
1827,8299.91
1828,7395
1829,5072.6
1830,10796.06
1831,8491.33
1832,6065.67
1833,7045.27
1834,5467.17
1835,7563.23
1836,6424.81
1837,9113.5
1838,7421.66
1839,7418.95
1840,6464.26
1841,7891.1
1842,7534.96
1843,7108.61
1844,7114.88
1845,8918.6
1846,5967.19
1847,6050.3
1848,6680.14
1849,7115.23
1850,7669.77
1851,11263.22
1852,5476.12
1853,5245.24
1854,6457.48
1855,6447.58
1856,7657.29
1857,11616.13
1858,12383.4
1859,6539.56
1860,8076.67
1861,8510.04
1862,6941.37
1863,11078.91
1864,5655.24
1865,9208.18
1866,6832.77
1867,8983.94
1868,12346.04
1869,7572.74
1870,13792.68
1871,9169.11
1872,6291.07
1873,7809.85
1874,7996.82
1875,5932.42
1876,5879.7
1877,6488.08
1878,6892.49
1879,10305.13
1880,9368.66
1881,8188.27
1882,9874.72
1883,7590.14
1884,9678.8
1885,7345.9
1886,6449.2
1887,9668.9
1888,4844.55
1889,5145.95
1890,9417.23
1891,7051.23
1892,8664.81
1893,8704.89
1894,6859.51
1895,7734.79
1896,8775.61
1897,6819.08
1898,9110.07
1899,8791.48
1900,8131.62
1901,8751.7
1902,8109.83
1903,11111.23
1904,5337.29
1905,7847.67
1906,6622.73
1907,8859.89
1908,7687.68
1909,6661.61
1910,8620.81
1911,8423.1
1912,7836.88
1913,6611.67
1914,8790
1915,10004.78
1916,5907.13
1917,7306.32
1918,8302.05
1919,9475.83
1920,8246.37
1921,10389.79
1922,8422.07
1923,9130.91
1924,9387.99
1925,8012.78
1926,5751.63
1927,9311.68
1928,9413.82
1929,7204.92
1930,8462.99
1931,10375.96
1932,8223.51
1933,7583.76
1934,7795.22
1935,7361.6
1936,9090.39
1937,8162.9
1938,8029.41
1939,6909.71
1940,8854.51
1941,7909.52
1942,7212.82
1943,9031.46
1944,7737.72
1945,9517.87
1946,7591.03
1947,6757.1
1948,7134.58
1949,8423.15
1950,10825.97
1951,7179.83
1952,7871.7
1953,6938.61
1954,7175.24
1955,8669.12
1956,7731.75
1957,9000.81
1958,6883.56
1959,6932.98
1960,6427.19
1961,6989.52
1962,7900.72
1963,8413.62
1964,6552.78
1965,6801.81
1966,9188.27
1967,9680.4
1968,6925.6
1969,7979.51
1970,6926.84
1971,8699.69
1972,8965.28
1973,8054.96
1974,10653.46
1975,11455.34
1976,11800.1
1977,7101.92
1978,6648.33
1979,7877.97
1980,9662.02
1981,9280.52
1982,8773
1983,8212.44
1984,6993.94
1985,11941.74
1986,8917.99
1987,8278.61
1988,12135.26
1989,8495.19
1990,5821.32
1991,8142.1
1992,5796.3
1993,3448.3
1994,5475.99
1995,3935.27
1996,3309.62
1997,7777.19
1998,7692.82
1999,5449.17
2000,7635.5
2001,7023.03
2002,4430.33
2003,6908.72
2004,3887.61
2005,6729
2006,2952.94
2007,8198.63
2008,5101.19
2009,6095.92
2010,6642.7
2011,4596.79
2012,5585.78
2013,7513.48
2014,5744.14
2015,10252.29
2016,3188.23
2017,5693.11
2018,6791.25
2019,7648.92
2020,7510.66
2021,6599.45
2022,2807.61
2023,7351.86
2024,5383.67
2025,7839.23
2026,9524.74
2027,5629.53
2028,5563.45
2029,17755.36
2030,8927.68
2031,4714.89
2032,9479.86
2033,1866.64
2034,7936.1
2035,3862.43
2036,7273.98
2037,6349.88
2038,5176.69
2039,8486.08
2040,5903.25
2041,6207.55
2042,5597.35
2043,7780.34
2044,7062.93
2045,6136.43
2046,7247.95
2047,9434.05
2048,6548.95
2049,6026.31
2050,7441.5
2051,7349.39
2052,4529.25
2053,5896.89
2054,7097.82
2055,7583.3
2056,6590.71
2057,5899.93
2058,6382.51
2059,8032.53
2060,7338.99
2061,5832.19
2062,6414.21
2063,6285.58
2064,8075.03
2065,6315.09
2066,6317.29
2067,6549.34
2068,6152.94
2069,11214.78
2070,5305.97
2071,7229.89
2072,9041.81
2073,6825.21
2074,6258.66
2075,6099.15
2076,6828.46
2077,5928.32
2078,7335.3
2079,8148.15
2080,2063.24
2081,6605.87
2082,10165.7
2083,6989.67
2084,5887.15
2085,6255.11
2086,12439.68
2087,6980.05
2088,6106.62
2089,8241.87
2090,6930.31
2091,4795.35
2092,6901.25
2093,8027.02
2094,6632.68
2095,9001.62
2096,4830.95
2097,6350.3
2098,6423.04
2099,7343.02
2100,7313.21
2101,5245.11
2102,8301.37
2103,5428.47
2104,6857.52
2105,5698.38
2106,6600.43
2107,7097.51
2108,9995.66
2109,6981.15
2110,5975.72
2111,4881.75
2112,7081.91
2113,8355.72
2114,6874.8
2115,10733.78
2116,6033.16
2117,5122.45
2118,5521.54
2119,6283.94
2120,6315.95
2121,6022.62
2122,8098.31
2123,6380.16
2124,6755.84
2125,7046.41
2126,5922.12
2127,5184.51
2128,8939.28
2129,6231.6
2130,6232.78
2131,10543.39
2132,3665.46
2133,7624.68
2134,4820.22
2135,7310.47
2136,6299.68
2137,8832.16
2138,7829.8
2139,7148.7
2140,13046.89
2141,7263.09
2142,7919.83
2143,8797.33
2144,8547.81
2145,9790.78
2146,7183.51
2147,5983.1
2148,10550.15
2149,7387.96
2150,7823.34
2151,7135.7
2152,4600.33
2153,7592.58
2154,5666.91
2155,6946.7
2156,7008.28
2157,5677.37
2158,6162.51
2159,15755.71
2160,4040.02
2161,5781.31
2162,5166.03
2163,7733.43
2164,5748.05
2165,9481.23
2166,9146.06
2167,5994.28
2168,5845.13
2169,5499.91
2170,7217.19
2171,7099.2
2172,6867.2
2173,10416.51
2174,8956.38
2175,5881.49
2176,8889.59
2177,17970.9
2178,7619.14
2179,8377.12
2180,9095.42
2181,7737.1
2182,6324.68
2183,5567.67
2184,6678.89
2185,7263.04
2186,6268.06
2187,7152.43
2188,9281.36
2189,7059.1
2190,7151.75
2191,8022.17
2192,14363.71
2193,9983.21
2194,6669.1
2195,7675.2
2196,7699.63
2197,7906.66
2198,6485.6
2199,7489.04
2200,5674.82
2201,4799.98
2202,7562.59
2203,7475.78
2204,6817.81
2205,7337.84
2206,5049.49
2207,5546.5
2208,4428.14
2209,8670.32
2210,6481.8
2211,4994.5
2212,5770.27
2213,7604.63
2214,8932.97
2215,6809.11
2216,9085.82
2217,6575.04
2218,3085.76
2219,10126.32
2220,5951.62
2221,5688.15
2222,6392.56
2223,8670.62
2224,6320.93
2225,6515.4
2226,4053.91
2227,6687.58
2228,5470.19
2229,6329.91
2230,5622.97
2231,6261.59
2232,4429.9
2233,8014.71
2234,6903.63
2235,5000.02
2236,5736.79
2237,6109.01
2238,3525.24
2239,5410.64
2240,7105.93
2241,6862.3
2242,4654.7
2243,5511.69
2244,7467.28
2245,6998.95
2246,5490.11
2247,6289.23
2248,4504.28
2249,6335.53
2250,5236.03
2251,10541.55
2252,5810.21
2253,6430
2254,7718.56
2255,5756.71
2256,7363.41
2257,6333.7
2258,5548.71
2259,5039.33
2260,7528.84
2261,6264.22
2262,7939.78
2263,6799.11
2264,5496.71
2265,5413.59
2266,6121.59
2267,5757.24
2268,6319.29
2269,7222.64
2270,4843.42
2271,7886.39
2272,7364.05
2273,7217.25
2274,6016.32
2275,6200.54
2276,6127.81
2277,4474.42
2278,8300
2279,6014.96
2280,5579.36
2281,6985.52
2282,6471.65
2283,7404.13
2284,6505.78
2285,4785.23
2286,5216.39
2287,6981.22
2288,7099.27
2289,6397.88
2290,9023.55
2291,7354.14
2292,7171.71
2293,4123.45
2294,5771.92
2295,6980.96
2296,5107.09
2297,6458.01
2298,4676.49
2299,5538.69
2300,6033.67
2301,6781.89
2302,6277.23
2303,4926.21
2304,5824.19
2305,7024.58
2306,6923.82
2307,7059.84
2308,6323.92
2309,6225.32
2310,7162.75
2311,9868.2
2312,10614.65
2313,8847.23
2314,9626.41
2315,9465.89
2316,5259.53
2317,6944.98
2318,4350.78
2319,6454.9
2320,6298.9
2321,5060.81
2322,6239.79
2323,6662.82
2324,6019.42
2325,6989.97
2326,7439.78
2327,8752
2328,7577.18
2329,6629.14
2330,7314.79
2331,5473.02
2332,7014.67
2333,9850.15
2334,6837.87
2335,8180.04
2336,6738.57
2337,6667.16
2338,6999.43
2339,6699.53
2340,5795.41
2341,7439.22
2342,4858.17
2343,10673
2344,7232.77
2345,6880.73
2346,5651.24
2347,9997.63
2348,5780.4
2349,7225.08
2350,8507.57
2351,9050.5
2352,6491.83
2353,7647.21
2354,7521.82
2355,10031.78
2356,4093.2
2357,7531.34
2358,7819.5
2359,8731.12
2360,6496.98
2361,6939.64
2362,5343.46
2363,6232.09
2364,5527.51
2365,5013.7
2366,4450.24
2367,5718.48
2368,5606.96
2369,4026.57
2370,5647.71
2371,3488.3
2372,9793.37
2373,6129.61
2374,3695.82
2375,9022.1
2376,4160.51
2377,5940.72
2378,6973.44
2379,5309.75
2380,4182.94
2381,18499.66
2382,6059.45
2383,4126.42
2384,11112.78
2385,7481.53
2386,6054.89
2387,4324.85
2388,4897.38
2389,5678.15
2390,4105.32
2391,3011.84
2392,1694.89
2393,5323.48
2394,4923.93
2395,6533.4
2396,4126.74
2397,5315.46
2398,2325.54
2399,5993.18
2400,3297.65
2401,5440.33
2402,3762.58
2403,6479.77
2404,3598.29
2405,4833.88
2406,3971.61
2407,5714.43
2408,7423.56
2409,4106.59
2410,4843.31
2411,5170.27
2412,9578.89
2413,6287.81
2414,5375.19
2415,6223.92
2416,4925.86
2417,5204.73
2418,5379.54
2419,3583.02
2420,1869.14
2421,11015.06
2422,6836.99
2423,4377.34
2424,2818.21
2425,4526.25
2426,5378.3
2427,7619.63
2428,8807.72
2429,7293.87
2430,9096.51
2431,6027.69
2432,9245.82
2433,6408.24
2434,12185.62
2435,7923.46
2436,11128.32
2437,10714.44
2438,6351.57
2439,9296.4
2440,8745.6
2441,6460.91
2442,11293.16
2443,8237.75
2444,12234.72
2445,6806.02
2446,7310.76
2447,8788.46
2448,8291.85
2449,9073.54
2450,9518.57
2451,7602.15
2452,8708.08
2453,9076.48
2454,10958.01
2455,8067.48
2456,7512.81
2457,9848.14
2458,5526.22
2459,8651.77
2460,7338.67
2461,10861.07
2462,9313.36
2463,10197.99
2464,10312.39
2465,12517.34
2466,9360.95
2467,7478.79
2468,7732.97
2469,5645.63
2470,8029.25
2471,7033.73
2472,8635.66
2473,7038.46
2474,7871.37
2475,8366.61
2476,7763.47
2477,6932.18
2478,5445.06
2479,6110.75
2480,9120
2481,6978.5
2482,9220.01
2483,9251.28
2484,11851.94
2485,8665.72
2486,7822.54
2487,7261.34
2488,7398.1
2489,9446.81
2490,7693.57
2491,9093.73
2492,9718.27
2493,10342.89
2494,7764.92
2495,7132.24
2496,9964.43
2497,6737.13
2498,6855.29
2499,6304.52
2500,8266.83
2501,7147.78
2502,7335.3
2503,17464.22
2504,7187.57
2505,7567.42
2506,6964.24
2507,7039.71
2508,4134.17
2509,10796.49
2510,7342.01
2511,7967.65
2512,5414.73
2513,10814.75
2514,9002.63
2515,8583.12
2516,7662.87
2517,10673.59
2518,8192.91
2519,7951.26
2520,6915.35
2521,6772.29
2522,7772.18
2523,2833.6
2524,7142.5
2525,2268.32
2526,7056.57
2527,6828.01
2528,10916.79
2529,5538.29
2530,5467.54
2531,5914.33
2532,3738.31
2533,6868.56
2534,3932.78
2535,6218.33
2536,5786.63
2537,8334.05
2538,6587.91
2539,4740.14
2540,5143.17
2541,6350.98
2542,6884.15
2543,7127.97
2544,3640.11
2545,9702.47
2546,7697.79
2547,13437.57
2548,6924
2549,6495.72
2550,8966.15
2551,7515.29
2552,5680.22
2553,9571.26
2554,6903.93
2555,5247.95
2556,7496.85
2557,7861.81
2558,6549.25
2559,3981.29
2560,9430.6
2561,4927.82
2562,7080.21
2563,8621.15
2564,6568.76
2565,7523.61
2566,9109.62
2567,4876.01
2568,7874.73
2569,7370.7
2570,14563.5
2571,3810.29
2572,5874.86
2573,8655.16
2574,6545.74
2575,13019.73
2576,8924.48
2577,2349.14
2578,5050.08
2579,5189.25
2580,7895.95
2581,8341.42
2582,5908.83
2583,5829.87
2584,4717.24
2585,4884.71
2586,6311.8
2587,10463.73
2588,10298.44
2589,3954.33
2590,4717.74
2591,6780.56
2592,5685.32
2593,6765.66
2594,3962.7
2595,4740.7
2596,4387
2597,3329.91
2598,3707.62
2599,8666.01
2600,4935.06
2601,9192.96
2602,5874.13
2603,2647.48
2604,6392.22
2605,2949.95
2606,7842.69
2607,5105.15
2608,4361.2
2609,2767.88
2610,5588.92
2611,3666.57
2612,5309.31
2613,3700.82
2614,3645.96
2615,6578.94
2616,5944.35
2617,6394.09
2618,11268.57
2619,2186.56
2620,8872.01
2621,2593.5
2622,4888.71
2623,6354.81
2624,4968.97
2625,3515.05
2626,4754.29
2627,8949.1
2628,10447.67
2629,4210.94
2630,9598.67
2631,4180.2
2632,8566.07
2633,3223.44
2634,4767.59
2635,5037.46
2636,4096.59
2637,4666.42
2638,4505.35
2639,5540.18
2640,11588.52
2641,2350.28
2642,5745.39
2643,6459.52
2644,2638.59
2645,8268.65
2646,27134.56
2647,8398.8
2648,6387.35
2649,4785.18
2650,6967.55
2651,6233.37
2652,4303.06
2653,7178.15
2654,3280.8
2655,3484.76
2656,6525.21
2657,5882.37
2658,3108.78
2659,8200.75
2660,4776.21
2661,5581.74
2662,7880.25
2663,4545.43
2664,5531.98
2665,4217.51
2666,6409.89
2667,4010.59
2668,5894.45
2669,4834.21
2670,6031.5
2671,2637.8
2672,6148.22
2673,147337.29
2674,7134.35
2675,5780.52
2676,9281.17
2677,7788.88
2678,3499.34
2679,4823.58
2680,4505.82
2681,4886.53
2682,7065.95
2683,6426.88
2684,6610.83
2685,5112.06
2686,7156.24
2687,6910.51
2688,4745.6
2689,3837.42
2690,3428.9
2691,4359.7
2692,6506.03
2693,5286.53
2694,4859.53
2695,5166.62
2696,5275.75
2697,5000.72
2698,3199.78
2699,3839.86
2700,6906.82
2701,6293.2
2702,6202.69
2703,3064.9
2704,3922.7
2705,6411.1
2706,4928.74
2707,4955.7
2708,6819.25
2709,3341.55
2710,7290.39
2711,3923.07
2712,3843.72
2713,2144.3
2714,4364.71
2715,6952.51
2716,5165.08
2717,7079.4
2718,8434.11
2719,3981.34
2720,5435.11
2721,5851.41
2722,5465.69
2723,4387.39
2724,3044.99
2725,2415.87
2726,5384.84
2727,5751.55
2728,4558.32
2729,3150.66
2730,8220.08
2731,14854.58
2732,4696.53
2733,1919.22
2734,5481.82
2735,2070.61
2736,9326.51
2737,3907.72
2738,6971.38
2739,6888.85
2740,3283.91
2741,11220.76
2742,6616.07
2743,8299.41
2744,3479.42
2745,5001.29
2746,2198.46
2747,6781.65
2748,9918.59
2749,6419.59
2750,6067.83
2751,8831.69
2752,4093.2
2753,4128.98
2754,4165.93
2755,3555.39
2756,4854.24
2757,5630.72
2758,6313.42
2759,4543.26
2760,4842.45
2761,5997.41
2762,7909.97
2763,7830.35
2764,4865.55
2765,9554.61
2766,6836.84
2767,10801.6
2768,7067.5
2769,4677.87
2770,5443.18
2771,4396.65
2772,4391.84
2773,7758.49
2774,3869.99
2775,7821.43
2776,4831.11
2777,2995.55
2778,3814.71
2779,3938.71
2780,3748.21
2781,1894.71
2782,5831.8
2783,4218.09
2784,4744.32
2785,4118
2786,4193.17
2787,3847.62
2788,3686.45
2789,4032.39
2790,3571.46
2791,3480.67
2792,3786.3
2793,2053.94
2794,6246.63
2795,8472.73
2796,3290.36
2797,3200.76
2798,6318.65
2799,5436.02
2800,4701.41
2801,4046.48
2802,4722.66
2803,3963.26
2804,4241.99
2805,6436.24
2806,8820.73
2807,11003.65
2808,7225
2809,8939.2
2810,6182.06
2811,7196.04
2812,5984.82
2813,4932.59
2814,10165.42
2815,7959.44
2816,10489.61
2817,8361.73
2818,8677.96
2819,8188.99
2820,7247.16
2821,9770.36
2822,8916.55
2823,8170.37
2824,9631.37
2825,9446.19
2826,11664.31
2827,9313.35
2828,7354.73
2829,8206.67
2830,12213.38
2831,9763.91
2832,6900.35
2833,8626.87
2834,7592.74
2835,12753.98
2836,8257.16
2837,12090.91
2838,8703.07
2839,10151.59
2840,8835.03
2841,6970.34
2842,7367.09
2843,6769.34
2844,6826.46
2845,12753.18
2846,8730.34
2847,6044.06
2848,8064.45
2849,5769.29
2850,8495.78
2851,7928.12
2852,6991.16
2853,7798.42
2854,9366.02
2855,6908.02
2856,8681.02
2857,12527.32
2858,6589.64
2859,7392.34
2860,8879.09
2861,7801.15
2862,9449.89
2863,11286.34
2864,7077.57
2865,5737.11
2866,9335.76
2867,5594.21
2868,7773.16
2869,6735.46
2870,6111.48
2871,11172.81
2872,8261.85
2873,7227.8
2874,9585.12
2875,9079.23
2876,7720.24
2877,7254.71
2878,7493.85
2879,7710.94
2880,5693.27
2881,6790.52
2882,6951.42
2883,5134.34
2884,12237.4
2885,7200.88
2886,6957.62
2887,9967.06
2888,10756.56
2889,5733.18
2890,10385.02
2891,10053.96
2892,7616.46
2893,12187.43
2894,6797.84
2895,6561.04
2896,9687.23
2897,9564.42
2898,6317.36
2899,12228.22
2900,10919.95
2901,8398.27
2902,13543.04
2903,7345.01
2904,7176.14
2905,8674.01
2906,5917.1
2907,6828.56
2908,11848.74
2909,8236.23
2910,10171.17
2911,6738.8
2912,12842.86
2913,9939.35
2914,6572.9
2915,10422.87
2916,12558.15
2917,9092.27
2918,8513.51
2919,6606.91
2920,10115.15
2921,17298.69
2922,11367.51
2923,11522.63
2924,3572.14
2925,11411.38
2926,5384.69
2927,7370.13
2928,17378.27
2929,9046.91
2930,6141.56
2931,9325.75
2932,8353.46
2933,8037.18
2934,7922.59
2935,12272.57
2936,13844.23
2937,8185.26
2938,5580.39
2939,14669.68
2940,8020.11
2941,5745.28
2942,6831.68
2943,9595.05
2944,8099.43
2945,8330.39
2946,7232.91
2947,11078.15
2948,6825.7
2949,6416.56
2950,12788.28
2951,4627.55
2952,7240.57
2953,4178.52
2954,5911.76
2955,5498.83
2956,5835.5
2957,6336.42
2958,5878.26
2959,4240.89
2960,5076.28
2961,5804.83
2962,6516.31
2963,5141.69
2964,5797.7
2965,7086.65
2966,6152.29
2967,4839.06
2968,6653.99
2969,8159.93
2970,5482.31
2971,4881.57
2972,4022.29
2973,4671.21
2974,4991.28
2975,6151.18
2976,6285.06
2977,6933.33
2978,4044.04
2979,6886.41
2980,4789
2981,5500.54
2982,2979.4
2983,7230.25
2984,6659.55
2985,4914.34
2986,6041.22
2987,3052.53
2988,7011.2
2989,5539.92
2990,2987.82
2991,5273.59
2992,9026.21
2993,8928.33
2994,11455.42
2995,10274.4
2996,7251.93
2997,8580.19
2998,8383.73
2999,5818.03
3000,5539.75
3001,11163.53
3002,6723.79
3003,10684.64
3004,12192.12
3005,7598.57
3006,7202.34
3007,12383.85
3008,11425.02
3009,8048.7
3010,9024.27
3011,7875.96
3012,12642.25
3013,10284.7
3014,12052.19
3015,13464.59
3016,11604.69
3017,9315.13
3018,10374.83
3019,13319.01
3020,10179.4
3021,10621.6
3022,7823.96
3023,15352.21
3024,6296.11
3025,10426.23
3026,7848.16
3027,7361.19
3028,6970.45
3029,7784.64
3030,7307.36
3031,8763.54
3032,12642.97
3033,11601.3
3034,8237.38
3035,11827.86
3036,10101.05
3037,11015.29
3038,8743.93
3039,8334.24
3040,10882.68
3041,5900.69
3042,10463.39
3043,9950.2
3044,6373.54
3045,8351.5
3046,15813.47
3047,6745.78
3048,6676.5
3049,6714.68
3050,8479.63
3051,7989.66
3052,6898.95
3053,8466.34
3054,5410.41
3055,6353.42
3056,5113.02
3057,8541.29
3058,7891.66
3059,11252.74
3060,7602.57
3061,7318.92
3062,7891.02
3063,5927.08
3064,7158.42
3065,7124.56
3066,8161.31
3067,8651.71
3068,6481.47
3069,8189.95
3070,7814.74
3071,8011.67
3072,6928.03
3073,6898.28
3074,7231.43
3075,7587.99
3076,8280.19
3077,5324.52
3078,8739.46
3079,5610.53
3080,8801.91
3081,8335.37
3082,6704.09
3083,8533.31
3084,8324.67
3085,6106.3
3086,12796.35
3087,8531.68
3088,7048.15
3089,5918.79
3090,8164.06
3091,6251.69
3092,7244.92
3093,5502.98
3094,5634.55
3095,7477.81
3096,7859.05
3097,7093.03
3098,8401.47
3099,7796.2
3100,8810.94
3101,6199.68
3102,8157.77
3103,8826.56
3104,9874.43
3105,7227.6
3106,6787.78
3107,5554.73
3108,6246.46
3109,6284.53
3110,6587.1
3111,7191.79
3112,7569.95
3113,7226.87
3114,7660.33
3115,6116.9
3116,5903.52
3117,8089.27
3118,9693.3
3119,4915.08
3120,4868.58
3121,4542.39
3122,4722.98
3123,4369.75
3124,3309.65
3125,9161.75
3126,8538.36
3127,7840.41
3128,6690.32
3129,6383.98
3130,5113.48
3131,5067.75
3132,9634.9
3133,3904.93
3134,5230.49
3135,7108.39
3136,4445.1
3137,3946.29
3138,10744.11
3139,4336.01
3140,6278
3141,5543.59
3142,18260.84
3143,11780.42
3144,7011.04
3145,28650.84
3146,19714.08
3147,20083.42
3148,19178.92
3149,23870.38
3150,20147.35
3151,22846.74
3152,24199.94
3153,20003.39
3154,20008.18
3155,21744.14
3156,21117.54
3157,20331.64
3158,24379.26
3159,16319.11
3160,17945.35
3161,16175.33
3162,22700.12
3163,19186.31
3164,19663.66
3165,24238.26
3166,20678.14
3167,19010.29
3168,21068.66
3169,22330.86
3170,18422.64
3171,19888.37
3172,24505.12
3173,17599.66
3174,20692.47
3175,24073.45
3176,20118.33
3177,17656.28
3178,19436.65
3179,22591.65
3180,21058.03
3181,21130.57
3182,27564
3183,21407.25
3184,19493.15
3185,22316.98
3186,33869.1
3187,24151.64
3188,20832.76
3189,11433.19
3190,17219.32
3191,19937.09
3192,20969.17
3193,20719.51
3194,19902.82
3195,23478.56
3196,17183.79
3197,16939.06
3198,19879.77
3199,20400.37
3200,25146.63
3201,20388.3
3202,20318.77
3203,25617.53
3204,17919.37
3205,16261.77
3206,21503.44
3207,21538.63
3208,20742.28
3209,14997.74
3210,19952.26
3211,24645.26
3212,21713.69
3213,15936.23
3214,18135.14
3215,16703.99
3216,20258.39
3217,18637.09
3218,22086.99
3219,14665.89
3220,23189.77
3221,20285.41
3222,23596.51
3223,7321.53