Dates,JH
0,232
1,727
2,103
3,109
4,261
5,54
6,132
7,680
8,172
9,89
10,219
11,39
12,107
13,93
14,72
15,245
16,279
17,76
18,64
19,261
20,110
21,398
22,245
23,259
24,345
25,362
26,179
27,692
28,100
29,154
30,172
31,54
32,110
33,79
34,531
35,256
36,2535
37,73
38,420
39,181
40,372
41,320
42,80
43,90
44,1060
45,116
46,160
47,410
48,1802
49,88
50,1010
51,551
52,0
53,49
54,122
55,142
56,79
57,100
58,482
59,441
60,55
61,397
62,253
63,854
64,0
65,480
66,61
67,48
68,141
69,5
70,3
71,612
72,47
73,0
74,1
75,13
76,11
77,2
78,13
79,172
80,1
81,0
82,29
83,130
84,27
85,13
86,15
87,277
88,7
89,17
90,22
91,0
92,8
93,10
94,10
95,0
96,21
97,0
98,0
99,2
100,5
101,13
102,34
103,639
104,643
105,526
106,415
107,189
108,40
109,159
110,18846
111,1669
112,971
113,0
114,4301
115,1814
116,245
117,0
118,1388
119,1257
120,95
121,82
122,283
123,1002
124,203
125,57
126,14
127,123
128,65
129,92
130,101
131,148
132,42
133,105
134,84
135,388
136,295
137,246
138,104
139,41
140,44
141,84
142,358
143,82
144,99
145,581
146,65
147,201
148,83
149,161
150,64
151,231
152,78
153,76
154,316
155,103
156,30
157,90
158,68
159,70
160,109
161,91
162,270
163,69
164,95
165,210
166,235
167,39
168,67
169,47
170,54
171,126
172,0
173,43
174,106
175,49
176,139
177,160
178,230
179,46
180,1322
181,107
182,395
183,49
184,53
185,587
186,84
187,123
188,110
189,80
190,0
191,204
192,67
193,709
194,340
195,33
196,118
197,2192
198,0
199,99
200,487
201,140
202,22
203,1559
204,60
205,245
206,3001
207,58
208,170
209,978
210,63
211,2625
212,481
213,157
214,66
215,35545
216,388
217,317
218,42
219,143
220,903
221,11
222,8
223,804
224,170
225,133
226,7971
227,0
228,682
229,15
230,6853
231,3719
232,117
233,8170
234,5799
235,1178
236,2421
237,561
238,912
239,763
240,2727
241,276
242,607
243,5
244,96
245,482
246,556
247,1845
248,241
249,234
250,24
251,1578
252,203
253,0
254,1679
255,443
256,135
257,1466
258,68
259,1368
260,24
261,17
262,50
263,447
264,133
265,56
266,12
267,13
268,58
269,19
270,33
271,23
272,161
273,1524
274,8
275,498
276,39
277,1904
278,48
279,210
280,104
281,7
282,30
283,16
284,0
285,41
286,0
287,1554
288,6
289,32
290,99
291,2
292,606
293,51
294,11
295,119
296,639
297,4
298,55
299,90
300,183
301,148
302,137
303,6
304,0
305,24
306,20
307,9
308,52
309,880
310,15
311,47
312,34
313,12
314,0
315,8
316,12
317,15
318,67
319,25
320,35
321,780
322,27
323,3017
324,3494
325,532
326,547
327,3165
328,784
329,0
330,317
331,9
332,355
333,724
334,1608
335,0
336,992
337,0
338,0
339,1432
340,0
341,0
342,833
343,154
344,894
345,177
346,2513
347,6770
348,111
349,1009
350,1146
351,979
352,1174
353,472
354,175
355,89
356,3872
357,1479
358,438
359,58
360,246
361,109
362,38
363,90
364,64
365,141
366,174
367,1286
368,807
369,4409
370,107
371,763
372,301
373,70
374,65
375,1811
376,2557
377,794
378,192
379,31
380,108
381,1743
382,2497
383,768
384,12285
385,138
386,355
387,768
388,200
389,3301
390,1273
391,0
392,6031
393,2280
394,4065
395,3450
396,469
397,695
398,2063
399,1282
400,706
401,1413
402,720
403,360
404,116
405,396
406,126
407,2341
408,143
409,236
410,124
411,136
412,58
413,82
414,15
415,262
416,101
417,291
418,488
419,125
420,96
421,836
422,111
423,116
424,101
425,112
426,283
427,124
428,181
429,25
430,140
431,110
432,500
433,205
434,65
435,1042
436,24
437,152
438,713
439,264
440,7
441,1095
442,46
443,2102
444,308
445,278
446,438
447,83
448,527
449,64
450,146
451,44
452,108
453,1980
454,144
455,174
456,76
457,577
458,462
459,65
460,12
461,217
462,121
463,168
464,70
465,180
466,387
467,572
468,466
469,116
470,2667
471,199
472,31
473,442
474,305
475,114
476,91
477,2122
478,290
479,935
480,91
481,186
482,125
483,112
484,62
485,758
486,545
487,57
488,314
489,83
490,77
491,122
492,69
493,86
494,127
495,131
496,32
497,330
498,113
499,168
500,40
501,36
502,434
503,139
504,54
505,123
506,57
507,114
508,39
509,159
510,32
511,127
512,185
513,57
514,75
515,206
516,928
517,498
518,117
519,65
520,1654
521,477
522,151
523,194
524,144
525,109
526,215
527,84
528,115
529,5
530,106
531,50
532,972
533,351
534,11
535,76
536,39
537,452
538,183
539,36
540,190
541,35
542,4
543,144
544,53
545,90
546,71
547,235
548,240
549,216
550,127
551,71
552,426
553,65
554,74
555,2
556,182
557,259
558,291
559,480
560,304
561,35
562,141
563,222
564,10
565,39
566,185
567,494
568,73
569,55
570,67
571,125
572,3
573,420
574,237
575,1355
576,0
577,50
578,185
579,14
580,0
581,1139
582,16
583,273
584,19
585,45
586,175
587,33
588,14
589,201
590,305
591,69
592,12
593,2
594,738
595,35
596,58
597,1
598,40
599,9
600,74
601,31
602,30
603,86
604,61
605,59
606,69
607,68
608,669
609,57
610,28
611,32
612,15
613,58
614,71
615,161
616,12
617,0
618,56
619,92
620,20
621,80
622,9
623,315
624,0
625,18
626,61
627,234
628,16
629,31
630,127
631,17
632,136
633,6
634,57
635,38
636,315
637,119
638,54
639,76
640,118
641,189
642,15289
643,50
644,40
645,42
646,217
647,63
648,1859
649,60
650,29
651,147
652,106
653,71
654,186
655,139
656,20
657,49
658,154
659,32
660,52
661,20
662,19
663,135
664,131
665,143
666,33
667,185
668,80
669,46
670,44
671,1216
672,386
673,171
674,245
675,421
676,1544
677,45
678,92
679,145
680,101
681,373
682,149
683,857
684,223
685,34
686,67
687,73
688,109
689,525
690,332
691,29
692,51
693,135
694,112
695,138
696,51
697,141
698,0
699,579
700,101
701,23
702,70
703,9
704,23
705,11
706,135
707,77
708,519
709,106
710,445
711,18
712,14
713,81
714,802
715,39
716,189
717,514
718,5065
719,70
720,325
721,30
722,93
723,36
724,94
725,55
726,244
727,1693
728,275
729,901
730,121
731,120
732,1284
733,270
734,28
735,82
736,204
737,63
738,74
739,182
740,435
741,101
742,146
743,41
744,165
745,164
746,150
747,155
748,503
749,179
750,794
751,163
752,331
753,111
754,69
755,115
756,160
757,392
758,153
759,723
760,301
761,166
762,614
763,258
764,489
765,175
766,144
767,163
768,87
769,180
770,119
771,661
772,167
773,256
774,106
775,405
776,2008
777,285
778,701
779,3238
780,217
781,30
782,175
783,325
784,174
785,305
786,74
787,177
788,19
789,106
790,0
791,137
792,52
793,73
794,55
795,627
796,63
797,92
798,138
799,163
800,150
801,61
802,115
803,191
804,64
805,967
806,112
807,126
808,86
809,22
810,463
811,94
812,274
813,23
814,691
815,82
816,453
817,172
818,30
819,262
820,95
821,363
822,144
823,102
824,91
825,52
826,15
827,68
828,80
829,25
830,82
831,528
832,70
833,89
834,67
835,66
836,62
837,26
838,84
839,88
840,49
841,181
842,75
843,37
844,43
845,54
846,81
847,173
848,59
849,160
850,35
851,29
852,71
853,165
854,78
855,330
856,56
857,88
858,69
859,50
860,29
861,28
862,50
863,48
864,90
865,51
866,71
867,101
868,84
869,37
870,44
871,51
872,54
873,75
874,124
875,63
876,183
877,84
878,55
879,98
880,149
881,668
882,68
883,34
884,55
885,46
886,95
887,136
888,136
889,47
890,51
891,53
892,52
893,60
894,139
895,73
896,23
897,0
898,56
899,41
900,114
901,31
902,1230
903,354
904,65
905,42
906,43
907,449
908,59
909,99
910,104
911,101
912,25
913,0
914,56
915,28
916,222
917,157
918,89
919,35
920,186
921,48
922,56
923,357
924,17
925,71
926,65
927,38
928,45
929,13
930,124
931,64
932,51
933,238
934,10
935,22
936,99
937,16
938,8
939,49
940,50
941,48
942,18
943,176
944,148
945,22
946,107
947,39
948,176
949,16
950,13
951,92
952,34
953,128
954,123
955,104
956,90
957,24
958,20
959,40
960,25
961,6
962,26
963,6
964,29
965,137
966,15
967,13
968,40
969,71
970,17
971,1377
972,22
973,30
974,8
975,89
976,12
977,211
978,12
979,36
980,16
981,136
982,56
983,51
984,142
985,27
986,107
987,26
988,181
989,33
990,12
991,67
992,80
993,19
994,39
995,68
996,21
997,24
998,0
999,27
1000,33
1001,70
1002,40
1003,11
1004,279
1005,22
1006,33
1007,110
1008,21
1009,24
1010,43
1011,275
1012,38
1013,1709
1014,71
1015,740
1016,19
1017,23
1018,9
1019,32
1020,12
1021,27
1022,85
1023,31
1024,15
1025,0
1026,24
1027,8
1028,27
1029,10
1030,56
1031,17
1032,528
1033,115
1034,125
1035,79
1036,38
1037,239
1038,53
1039,173
1040,353
1041,74
1042,212
1043,165
1044,29
1045,72
1046,89
1047,258
1048,58
1049,66
1050,105
1051,212
1052,24
1053,55
1054,123
1055,84
1056,235
1057,83
1058,110
1059,58
1060,59
1061,35
1062,447
1063,57
1064,22
1065,58
1066,727
1067,74
1068,256
1069,192
1070,35
1071,57
1072,93
1073,74
1074,205
1075,151
1076,51
1077,159
1078,30
1079,491
1080,234
1081,91
1082,110
1083,185
1084,61
1085,31
1086,284
1087,84
1088,2681
1089,168
1090,138
1091,472
1092,77
1093,174
1094,80
1095,290
1096,80
1097,59
1098,60
1099,139
1100,95
1101,151
1102,67
1103,140
1104,41
1105,310
1106,62
1107,92
1108,129
1109,54
1110,118
1111,313
1112,91
1113,62
1114,69
1115,36
1116,118
1117,77
1118,90
1119,128
1120,36
1121,135
1122,171
1123,35
1124,123
1125,164
1126,0
1127,40
1128,34
1129,43
1130,211
1131,367
1132,51
1133,329
1134,23
1135,70
1136,79
1137,100
1138,124
1139,186
1140,104
1141,67
1142,146
1143,48
1144,50
1145,48
1146,0
1147,63
1148,428
1149,71
1150,106
1151,52
1152,234
1153,31
1154,60
1155,311
1156,147
1157,311
1158,73
1159,218
1160,145
1161,117
1162,549
1163,1289
1164,746
1165,58
1166,10
1167,63
1168,85
1169,91
1170,146
1171,1430
1172,39
1173,179
1174,165
1175,195
1176,100
1177,274
1178,157
1179,85
1180,1471
1181,174
1182,72
1183,542
1184,411
1185,161
1186,488
1187,65
1188,145
1189,188
1190,1196
1191,866
1192,0
1193,49
1194,98
1195,612
1196,59
1197,107
1198,127
1199,120
1200,158
1201,27
1202,80
1203,191
1204,437
1205,199
1206,288
1207,943
1208,674
1209,13
1210,454
1211,0
1212,144
1213,247
1214,202
1215,276
1216,203
1217,93
1218,77
1219,51
1220,75
1221,335
1222,199
1223,498
1224,71
1225,119
1226,309
1227,55
1228,44
1229,0
1230,177
1231,391
1232,46
1233,48
1234,123
1235,0
1236,80
1237,72
1238,361
1239,392
1240,1277
1241,2826
1242,1966
1243,173
1244,92
1245,475
1246,286
1247,408
1248,116
1249,620
1250,124
1251,679
1252,462
1253,79
1254,2375
1255,0
1256,2386
1257,131
1258,79
1259,251
1260,115
1261,35
1262,643
1263,366
1264,188
1265,785
1266,480
1267,2555
1268,0
1269,26
1270,3272
1271,198
1272,2138
1273,453
1274,4822
1275,0
1276,2330
1277,0
1278,1962
1279,2242
1280,5
1281,3065
1282,79
1283,19
1284,404
1285,161
1286,76
1287,88
1288,62
1289,193
1290,690
1291,77
1292,691
1293,214
1294,686
1295,172
1296,70
1297,131
1298,120
1299,185
1300,240
1301,37
1302,191
1303,131
1304,474
1305,109
1306,5
1307,2020
1308,135
1309,78
1310,275
1311,211
1312,225
1313,108
1314,166
1315,909
1316,208
1317,177
1318,101
1319,238
1320,645
1321,819
1322,70
1323,1859
1324,16
1325,42
1326,476
1327,67
1328,365
1329,540
1330,24
1331,40
1332,4613
1333,107
1334,170
1335,117
1336,129
1337,85
1338,181
1339,265
1340,71
1341,538
1342,247
1343,53
1344,722
1345,183
1346,4563
1347,106
1348,121
1349,45
1350,99
1351,61
1352,117
1353,928
1354,55
1355,66
1356,130
1357,1087
1358,226
1359,19
1360,269
1361,947
1362,238
1363,316
1364,0
1365,333
1366,643
1367,9107
1368,129
1369,65
1370,886
1371,102
1372,141
1373,202
1374,11
1375,126
1376,90
1377,124
1378,145
1379,96
1380,55
1381,135
1382,140
1383,32
1384,6
1385,43
1386,190
1387,912
1388,24
1389,140
1390,61
1391,36
1392,91
1393,155
1394,16
1395,2952
1396,28
1397,70
1398,132
1399,175
1400,22
1401,62
1402,152
1403,32
1404,44
1405,31
1406,35
1407,7
1408,55
1409,7
1410,82
1411,19
1412,25
1413,76
1414,122
1415,83
1416,135
1417,120
1418,83
1419,22
1420,76
1421,66
1422,17
1423,230
1424,191
1425,0
1426,44
1427,76
1428,37
1429,128
1430,24
1431,1544
1432,14
1433,58
1434,59
1435,208
1436,35
1437,48
1438,295
1439,200
1440,29
1441,623
1442,422
1443,77
1444,17
1445,34
1446,73
1447,12
1448,421
1449,20
1450,67
1451,46
1452,571
1453,26
1454,26
1455,84
1456,344
1457,33
1458,153
1459,174
1460,70
1461,124
1462,51
1463,194
1464,79
1465,59
1466,105
1467,36
1468,50
1469,112
1470,104
1471,139
1472,129
1473,122
1474,593
1475,330
1476,40
1477,92
1478,61
1479,142
1480,163
1481,714
1482,859
1483,107
1484,48
1485,9
1486,152
1487,503
1488,86
1489,40
1490,57
1491,316
1492,52
1493,189
1494,170
1495,386
1496,61
1497,127
1498,333
1499,183
1500,166
1501,258
1502,353
1503,152
1504,191
1505,232
1506,83
1507,247
1508,107
1509,52
1510,173
1511,0
1512,180
1513,289
1514,66
1515,196
1516,159
1517,115
1518,35
1519,529
1520,123
1521,28
1522,161
1523,72
1524,82
1525,135
1526,71
1527,158
1528,117
1529,123
1530,50
1531,0
1532,136
1533,84
1534,219
1535,214
1536,91
1537,76
1538,47
1539,105
1540,63
1541,118
1542,71
1543,66
1544,24
1545,125
1546,151
1547,56
1548,102
1549,113
1550,48
1551,299
1552,349
1553,182
1554,42
1555,148
1556,197
1557,275
1558,48
1559,24
1560,348
1561,61
1562,43
1563,292
1564,49
1565,412
1566,130
1567,306
1568,81
1569,117
1570,49
1571,83
1572,32
1573,51
1574,93
1575,87
1576,138
1577,415
1578,115
1579,37
1580,1156
1581,75
1582,36
1583,96
1584,59
1585,34
1586,38
1587,233
1588,50
1589,1389
1590,585
1591,750
1592,153
1593,1350
1594,16
1595,193
1596,146
1597,186
1598,44
1599,162
1600,76
1601,109
1602,68
1603,59
1604,42
1605,135
1606,80
1607,17
1608,129
1609,65
1610,61
1611,52
1612,63
1613,125
1614,93
1615,223
1616,51
1617,41
1618,52
1619,0
1620,66
1621,87
1622,51
1623,191
1624,263
1625,65
1626,108
1627,121
1628,132
1629,26
1630,30
1631,116
1632,102
1633,27
1634,68
1635,118
1636,26
1637,20
1638,172
1639,43
1640,18
1641,1050
1642,45
1643,330
1644,3746
1645,869
1646,42
1647,152
1648,132
1649,29
1650,252
1651,113
1652,0
1653,116
1654,116
1655,154
1656,58
1657,165
1658,5
1659,95
1660,32
1661,103
1662,34
1663,22
1664,30
1665,5
1666,375
1667,15
1668,53
1669,9
1670,60
1671,30
1672,12
1673,61
1674,303
1675,134
1676,3
1677,77
1678,5
1679,10
1680,77
1681,26
1682,1
1683,107
1684,202
1685,4
1686,96
1687,23
1688,9
1689,12
1690,17
1691,224
1692,31
1693,0
1694,39
1695,1
1696,30
1697,11
1698,10
1699,32
1700,4
1701,173
1702,39
1703,76
1704,63
1705,53
1706,13
1707,139
1708,32
1709,13
1710,27
1711,25
1712,1
1713,0
1714,42
1715,14
1716,8
1717,605
1718,92
1719,20
1720,1
1721,2
1722,4
1723,15
1724,26
1725,13
1726,7
1727,149
1728,26
1729,20
1730,55
1731,28
1732,11
1733,14
1734,30
1735,33
1736,32
1737,27
1738,39
1739,87
1740,26
1741,90
1742,4
1743,19
1744,162
1745,1296
1746,6
1747,19
1748,14
1749,4
1750,18
1751,62
1752,5
1753,11
1754,9
1755,6
1756,7
1757,192
1758,28
1759,7
1760,0
1761,14
1762,26
1763,5
1764,26
1765,15
1766,19
1767,13
1768,31
1769,0
1770,16
1771,19
1772,481
1773,147
1774,0
1775,0
1776,86
1777,1
1778,27
1779,36
1780,18
1781,31
1782,19
1783,29
1784,0
1785,8
1786,13
1787,27
1788,29
1789,89
1790,27
1791,28
1792,35
1793,3
1794,19
1795,338
1796,58
1797,156
1798,57
1799,41
1800,9
1801,1
1802,13
1803,13
1804,1
1805,37
1806,21
1807,12
1808,54
1809,19
1810,15
1811,2
1812,36
1813,238
1814,123
1815,9313
1816,98
1817,152
1818,5
1819,2
1820,67
1821,22
1822,11
1823,185
1824,20
1825,305
1826,0
1827,32
1828,14
1829,0
1830,1309
1831,26
1832,217
1833,76
1834,134
1835,134
1836,103
1837,1042
1838,308
1839,0
1840,655
1841,249
1842,84
1843,1
1844,1083
1845,3733
1846,1377
1847,1974
1848,332
1849,664
1850,3771
1851,1051
1852,2855
1853,307
1854,1348
1855,3040
1856,2384
1857,1678
1858,3282
1859,0
1860,2460
1861,262
1862,1030
1863,519
1864,0
1865,2498
1866,367
1867,2251
1868,23
1869,362
1870,213
1871,71
1872,235
1873,6
1874,937
1875,327
1876,115
1877,18
1878,4
1879,17
1880,410
1881,75
1882,25
1883,152
1884,656
1885,22
1886,228
1887,0
1888,70
1889,167
1890,110
1891,863
1892,85
1893,516
1894,400
1895,87
1896,102
1897,108
1898,61
1899,0
1900,20
1901,325
1902,617
1903,164
1904,8529
1905,604
1906,252
1907,182
1908,340
1909,265
1910,141
1911,132
1912,175
1913,135
1914,93
1915,739
1916,2922
1917,84
1918,58
1919,186
1920,208
1921,155
1922,5
1923,214
1924,160
1925,14205
1926,58
1927,141
1928,146
1929,1854
1930,238
1931,4337
1932,6168
1933,637
1934,881
1935,1207
1936,222
1937,1255
1938,131
1939,238
1940,108
1941,563
1942,149
1943,13415
1944,316
1945,2708
1946,978
1947,417
1948,379
1949,44
1950,32
1951,95
1952,223
1953,278
1954,4963
1955,154
1956,95
1957,102
1958,420
1959,2
1960,157
1961,137
1962,203
1963,3002
1964,96
1965,43
1966,572
1967,159
1968,21
1969,113
1970,95
1971,48
1972,187
1973,78
1974,149
1975,378
1976,701
1977,366
1978,567
1979,357
1980,10
1981,164
1982,61
1983,678
1984,131
1985,137
1986,66
1987,51
1988,453
1989,294
1990,263
1991,740
1992,40
1993,33
1994,500
1995,124
1996,263
1997,395
1998,178
1999,969
2000,96
2001,970
2002,22
2003,31
2004,129
2005,78
2006,1459
2007,206
2008,377
2009,262
2010,374
2011,101
2012,140
2013,15
2014,551
2015,109
2016,501
2017,49
2018,177
2019,248
2020,205
2021,138
2022,90
2023,100
2024,196
2025,1892
2026,43
2027,148
2028,381
2029,372
2030,467
2031,97
2032,431
2033,158
2034,0
2035,37
2036,135
2037,154
2038,26
2039,120
2040,287
2041,72
2042,513
2043,212
2044,598
2045,329
2046,636
2047,433
2048,211
2049,148
2050,291
2051,205
2052,421
2053,53
2054,87
2055,10
2056,0
2057,531
2058,137
2059,1311
2060,52
2061,57
2062,78
2063,452
2064,308
2065,360
2066,144
2067,70
2068,10
2069,47
2070,23
2071,1
2072,26
2073,9
2074,3
2075,303
2076,333
2077,7
2078,39
2079,4
2080,8
2081,6
2082,18
2083,23
2084,4
2085,125
2086,11
2087,2
2088,8
2089,13
2090,20
2091,12
2092,31
2093,9
2094,25
2095,49
2096,24
2097,142
2098,37
2099,18
2100,5
2101,0
2102,16
2103,32
2104,57
2105,28
2106,15
2107,23
2108,43
2109,9
2110,7
2111,19
2112,0
2113,86
2114,2
2115,97
2116,12
2117,26
2118,238
2119,34
2120,251
2121,12
2122,68
2123,41
2124,165
2125,510
2126,236
2127,472
2128,158
2129,203
2130,344
2131,198
2132,1254
2133,136
2134,159
2135,624
2136,619
2137,184
2138,512
2139,169
2140,230
2141,4130
2142,249
2143,176
2144,304
2145,294
2146,463
2147,134
2148,2832
2149,185
2150,141
2151,294
2152,544
2153,166
2154,2240
2155,296
2156,167
2157,82
2158,114
2159,190
2160,132
2161,191
2162,232
2163,150
2164,345
2165,250
2166,826
2167,290
2168,523
2169,180
2170,1064
2171,1523
2172,145
2173,1189
2174,287
2175,541
2176,106
2177,147
2178,519
2179,85
2180,2215
2181,62
2182,113
2183,324
2184,61
2185,154
2186,0
2187,78
2188,134
2189,243
2190,138
2191,489
2192,208
2193,166
2194,548
2195,327
2196,263
2197,282
2198,250
2199,203
2200,1827
2201,1859
2202,1018
2203,543
2204,2
2205,117
2206,162
2207,60
2208,647
2209,247
2210,476
2211,175
2212,395
2213,111
2214,79
2215,17
2216,58
2217,11
2218,109
2219,51
2220,149
2221,191
2222,434
2223,266
2224,167
2225,73
2226,9
2227,909
2228,26
2229,432
2230,35
2231,63
2232,362
2233,181
2234,222
2235,35
2236,12
2237,318
2238,157
2239,267
2240,17
2241,43
2242,15
2243,13
2244,42
2245,67
2246,116
2247,29
2248,60
2249,236
2250,74
2251,59
2252,42
2253,120
2254,152
2255,179
2256,46
2257,44
2258,48
2259,178
2260,145
2261,176
2262,133
2263,88
2264,384
2265,48
2266,46
2267,66
2268,2735
2269,212
2270,186
2271,136
2272,0
2273,88
2274,194
2275,234
2276,171
2277,317
2278,48
2279,16
2280,415
2281,144
2282,117
2283,217
2284,58
2285,38
2286,2396
2287,2164
2288,304
2289,291
2290,59
2291,46
2292,87
2293,64
2294,93
2295,811
2296,63
2297,123
2298,198
2299,98
2300,70
2301,389
2302,472
2303,6
2304,26
2305,42
2306,49
2307,637
2308,105
2309,412
2310,255
2311,34
2312,713
2313,113
2314,335
2315,126
2316,854
2317,37
2318,1480
2319,0
2320,169
2321,6
2322,79
2323,252
2324,0
2325,95
2326,23
2327,77
2328,783
2329,3
2330,281
2331,424
2332,3838
2333,386
2334,848
2335,289
2336,1778
2337,689
2338,234
2339,2167
2340,835
2341,815
2342,22
2343,346
2344,397
2345,1336
2346,223
2347,399
2348,142
2349,277
2350,363
2351,974
2352,1080
2353,2086
2354,121
2355,899
2356,759
2357,35
2358,801
2359,73
2360,120
2361,280
2362,396
2363,266
2364,193
2365,908
2366,2090
2367,465
2368,574
2369,1396
2370,1586
2371,590
2372,175
2373,546
2374,304
2375,596
2376,2657
2377,98
2378,1250
2379,591
2380,0
2381,198
2382,5549
2383,112
2384,104
2385,759
2386,169
2387,443
2388,38
2389,135
2390,221
2391,0
2392,159
2393,272
2394,242
2395,730
2396,204
2397,1557
2398,121
2399,1668
2400,0
2401,0
2402,0
2403,0
2404,0
2405,0
2406,0
2407,0
2408,0
2409,0
2410,0
2411,0
2412,0
2413,0
2414,0
2415,0
2416,0
2417,0
2418,0
2419,0
2420,0
2421,0
2422,0
2423,0
2424,0
2425,0
2426,0
2427,0
2428,0
2429,0
2430,0
2431,0
2432,0
2433,0
2434,0
2435,0
2436,0
2437,0
2438,0
2439,0
2440,0
2441,0
2442,0
2443,0
2444,0
2445,0
2446,0
2447,0
2448,0
2449,0
2450,0
2451,0
2452,0
2453,0
2454,0
2455,0
2456,0
2457,0
2458,0
2459,0
2460,0
2461,0
2462,0
2463,0
2464,0
2465,0
2466,0
2467,0
2468,0
2469,0
2470,0
2471,0
2472,5823
2473,0
2474,0
2475,0
2476,0
2477,0
2478,0
2479,0
2480,193
2481,572
2482,106
2483,0
2484,2724
2485,3
2486,272
2487,78
2488,457
2489,24
2490,1112
2491,80
2492,106
2493,436
2494,494
2495,63
2496,1051
2497,334
2498,162
2499,211
2500,169
2501,233
2502,347
2503,156
2504,563
2505,79
2506,116
2507,696
2508,243
2509,2154
2510,334
2511,95
2512,1286
2513,101
2514,285
2515,309
2516,321
2517,100
2518,975
2519,172
2520,117
2521,43
2522,225
2523,392
2524,459
2525,0
2526,689
2527,1050
2528,86
2529,1663
2530,437
2531,0
2532,169
2533,158
2534,770
2535,18
2536,64
2537,16
2538,42
2539,67
2540,135
2541,27
2542,18
2543,49
2544,7
2545,38
2546,12
2547,28
2548,107
2549,18
2550,29
2551,88
2552,40
2553,12
2554,46
2555,16
2556,17
2557,44
2558,17
2559,53
2560,34
2561,12
2562,41
2563,13
2564,6
2565,3
2566,63
2567,39
2568,9
2569,21
2570,20
2571,2
2572,27
2573,30
2574,88
2575,116
2576,14
2577,15
2578,32
2579,16
2580,68
2581,8
2582,15
2583,565
2584,30
2585,62
2586,0
2587,378
2588,19
2589,10
2590,57
2591,8
2592,39
2593,9
2594,3
2595,53
2596,29
2597,70
2598,0
2599,55
2600,28
2601,64
2602,11
2603,387
2604,251
2605,102
2606,63
2607,534
2608,458
2609,188
2610,76
2611,172
2612,373
2613,143
2614,102
2615,213
2616,58
2617,245
2618,297
2619,89
2620,350
2621,1844
2622,113
2623,73
2624,269
2625,223
2626,202
2627,144
2628,206
2629,295
2630,213
2631,122
2632,417
2633,81
2634,386
2635,1281
2636,43
2637,140
2638,174
2639,376
2640,109
2641,183
2642,179
2643,123
2644,65
2645,86
2646,68
2647,309
2648,111
2649,1601
2650,47
2651,114
2652,230
2653,69
2654,187
2655,227
2656,160
2657,480
2658,141
2659,137
2660,383
2661,288
2662,144
2663,63
2664,277
2665,638
2666,41
2667,96
2668,217
2669,292
2670,134
2671,60
2672,39
2673,90
2674,323
2675,172
2676,271
2677,333
2678,986
2679,140
2680,74
2681,450
2682,3677
2683,99
2684,71
2685,817
2686,810
2687,264
2688,48
2689,257
2690,106
2691,84
2692,50
2693,192
2694,551
2695,88
2696,180
2697,145
2698,449
2699,535
2700,256
2701,74
2702,504
2703,98
2704,30
2705,10
2706,240
2707,84
2708,39
2709,80
2710,254
2711,33
2712,155
2713,945
2714,6512
2715,35
2716,2
2717,76
2718,456
2719,1039
2720,448
2721,34
2722,8
2723,55
2724,238
2725,68
2726,180
2727,186
2728,54
2729,80
2730,2120
2731,78
2732,38
2733,204
2734,48
2735,74
2736,261
2737,35
2738,44
2739,25
2740,21
2741,77
2742,1621
2743,17
2744,68
2745,583
2746,83
2747,14
2748,146
2749,235
2750,9
2751,25
2752,20
2753,46
2754,14
2755,44
2756,7133
2757,101
2758,112
2759,118
2760,27
2761,1447
2762,16
2763,52
2764,26
2765,74
2766,120
2767,734
2768,12
2769,3895
2770,616
2771,132
2772,70
2773,193
2774,118
2775,27
2776,50
2777,12
2778,1247
2779,46
2780,87
2781,95
2782,85
2783,901
2784,30
2785,120
2786,3
2787,34
2788,106
2789,133
2790,684
2791,724
2792,128
2793,429
2794,251
2795,24
2796,36
2797,31
2798,21
2799,261
2800,11623
2801,238
2802,3
2803,40
2804,570
2805,9
2806,446
2807,4032
2808,204
2809,169
2810,299
2811,193
2812,121
2813,193
2814,18
2815,375
2816,149
2817,3
2818,32
2819,63
2820,202
2821,10
2822,880
2823,23
2824,225
2825,782
2826,97
2827,75
2828,559
2829,134
2830,2
2831,4
2832,204
2833,16
2834,0
2835,14
2836,155
2837,25
2838,50
2839,281
2840,127
2841,96
2842,124
2843,63
2844,95
2845,417
2846,137
2847,17
2848,43
2849,102
2850,1
2851,1394
2852,41
2853,59
2854,62
2855,26
2856,13
2857,185
2858,479
2859,51
2860,971
2861,10
2862,213
2863,13
2864,516
2865,109
2866,39
2867,52
2868,136
2869,1383
2870,115
2871,76
2872,13
2873,280
2874,233
2875,64
2876,108
2877,1586
2878,50
2879,6
2880,381
2881,0
2882,158
2883,138
2884,491
2885,54
2886,72
2887,265
2888,788
2889,42
2890,62
2891,513
2892,16
2893,25
2894,74
2895,77
2896,40
2897,2
2898,79
2899,285
2900,72
2901,244
2902,94
2903,47
2904,110
2905,363
2906,40
2907,9
2908,108
2909,12
2910,139
2911,16
2912,1019
2913,37
2914,390
2915,53
2916,9
2917,7
2918,14
2919,34
2920,6387
2921,773
2922,3
2923,87
2924,10
2925,137
2926,485
2927,1846
2928,81
2929,91
2930,35
2931,196
2932,19
2933,152
2934,312
2935,300
2936,428
2937,216
2938,112
2939,50
2940,157
2941,1081
2942,230
2943,25
2944,751
2945,93
2946,137
2947,941
2948,167
2949,36
2950,285
2951,308
2952,43
2953,103
2954,57
2955,70
2956,276
2957,0
2958,0
2959,0
2960,0
2961,179
2962,0
2963,453
2964,0
2965,0
2966,0
2967,0
2968,0
2969,0
2970,0
2971,0
2972,0
2973,0
2974,0
2975,0
2976,1830
2977,53
2978,0
2979,0
2980,100
2981,708
2982,29
2983,115
2984,124
2985,0
2986,9
2987,881
2988,38
2989,0
2990,0
2991,0
2992,503
2993,33
2994,94
2995,41
2996,230
2997,4
2998,86
2999,8
3000,28
3001,17
3002,49
3003,0
3004,98
3005,40
3006,80
3007,53
3008,68
3009,130
3010,119
3011,208
3012,232
3013,111
3014,64
3015,111
3016,62
3017,369
3018,239
3019,21
3020,285
3021,25
3022,118
3023,111
3024,54
3025,150
3026,62
3027,48
3028,237
3029,95
3030,177
3031,31
3032,50
3033,86
3034,565
3035,875
3036,56
3037,112
3038,31
3039,25
3040,179
3041,30
3042,301
3043,71
3044,108
3045,57
3046,43
3047,1720
3048,51
3049,21
3050,164
3051,55
3052,54
3053,227
3054,57
3055,287
3056,51
3057,86
3058,60
3059,115
3060,64
3061,98
3062,65
3063,45
3064,195
3065,375
3066,348
3067,184
3068,1083
3069,331
3070,6
3071,125
3072,129
3073,155
3074,57
3075,52
3076,15
3077,42
3078,131
3079,34
3080,446
3081,102
3082,45
3083,327
3084,48
3085,80
3086,31
3087,126
3088,28
3089,148
3090,55
3091,189
3092,40
3093,45
3094,459
3095,548
3096,78
3097,47
3098,22
3099,103
3100,109
3101,0
3102,133
3103,123
3104,153
3105,249
3106,31
3107,368
3108,67
3109,89
3110,90
3111,838
3112,170
3113,51
3114,14
3115,30
3116,553
3117,321
3118,440
3119,93
3120,273
3121,139
3122,113
3123,143
3124,263
3125,203
3126,108
3127,342
3128,202
3129,136
3130,346
3131,23
3132,48
3133,224
3134,0
3135,947
3136,186
3137,261
3138,87
3139,60
3140,25
3141,102
3142,237
3143,173
3144,136
3145,45
3146,86
3147,539
3148,196
3149,209
3150,1047
3151,18
3152,424
3153,87
3154,34
3155,227
3156,7
3157,239
3158,253
3159,124
3160,34
3161,3512
3162,414
3163,93
3164,61
3165,298
3166,30
3167,183
3168,138
3169,0
3170,79
3171,44
3172,1612
3173,3
3174,272
3175,17
3176,1448
3177,1686
3178,167
3179,525
3180,6
3181,11
3182,175
3183,375
3184,102
3185,863
3186,77
3187,347
3188,103
3189,52
3190,112
3191,443
3192,15
3193,54
3194,20
3195,236
3196,23
3197,61
3198,184
3199,75
3200,152
3201,52
3202,290
3203,159
3204,152
3205,881
3206,96
3207,97
3208,205
3209,208
3210,171
3211,111
3212,88
3213,291
3214,167
3215,135
3216,218
3217,50
3218,79
3219,115
3220,199
3221,0
3222,25
3223,39
3224,36
3225,145
3226,221
3227,424
3228,100
3229,34
3230,52
3231,66
3232,84
3233,39
3234,33
3235,9
3236,106
3237,149
3238,38
3239,98
3240,28
3241,380
3242,136
3243,70
3244,43
3245,155
3246,49
3247,625
3248,14
3249,45
3250,138
3251,220
3252,133
3253,149
3254,32
3255,647
3256,378
3257,91
3258,95
3259,85
3260,215
3261,17
3262,317
3263,56
3264,163
3265,65
3266,72
3267,34
3268,50
3269,46
3270,270
3271,76
3272,720
3273,71
3274,222
3275,33
3276,108
3277,160
3278,220
3279,550
3280,149
3281,71
3282,16
3283,2501
3284,113
3285,135
3286,152
3287,0
3288,451
3289,213
3290,20
3291,78
3292,132
3293,178
3294,42
3295,761
3296,57
3297,463
3298,62
3299,166
3300,71
3301,166
3302,362
3303,168
3304,83
3305,75
3306,0
3307,119
3308,108
3309,312
3310,52
3311,371
3312,1248
3313,266
3314,94
3315,418
3316,268
3317,54
3318,66
3319,161
3320,55
3321,58
3322,32
3323,204
3324,65
3325,20
3326,21
3327,322
3328,38
3329,309
3330,12
3331,0
3332,153
3333,44
3334,90
3335,28
3336,139
3337,16
3338,43
3339,0
3340,51
3341,23