dates,,,R_ca506,,R_va1828
24/11/2020,,,1.081973053,,4.482849345
25/11/2020,,,1.029427636,,3.731668889
26/11/2020,,,0.994022876,,3.231689836
27/11/2020,,,0.969127535,,2.815144791
28/11/2020,,,0.950556733,,2.486427579
29/11/2020,,,0.935726185,,2.239934131
30/11/2020,,,0.92305672,,2.059206398
01/12/2020,,,0.911444377,,1.928996337
02/12/2020,,,0.900121791,,1.835321082
03/12/2020,,,0.888613414,,1.767006248
04/12/2020,,,0.876676501,,1.715487715
05/12/2020,,,0.864225796,,1.674569874
06/12/2020,,,0.851263319,,1.640075327
07/12/2020,,,0.837892766,,1.609314472
08/12/2020,,,0.824465041,,1.580624021
09/12/2020,,,0.811430979,,1.552722748
10/12/2020,,,0.799197376,,1.52411048
11/12/2020,,,0.787991208,,1.493681966
12/12/2020,,,0.778024474,,1.461016349
13/12/2020,,,0.769739945,,1.426183435
14/12/2020,,,0.763783177,,1.390056371
15/12/2020,,,0.760784042,,1.353707875
16/12/2020,,,0.761295689,,1.318299883
17/12/2020,,,0.765573987,,1.285108571
18/12/2020,,,0.773462355,,1.255215747
19/12/2020,,,0.784110028,,1.229108557
20/12/2020,,,0.795970683,,1.207475152
21/12/2020,,,0.80752435,,1.191317875
22/12/2020,,,0.817460382,,1.18060845
23/12/2020,,,0.824831757,,1.173796881
24/12/2020,,,0.829452501,,1.168352548
25/12/2020,,,0.832119456,,1.16192133
26/12/2020,,,0.834435121,,1.153306365
27/12/2020,,,0.838049275,,1.14200222
28/12/2020,,,0.843601027,,1.127337889
29/12/2020,,,0.850985787,,1.109132171
30/12/2020,,,0.859529561,,1.087729926
31/12/2020,,,0.86839932,,1.063915653
01/01/2021,,,0.87664276,,1.038632714
02/01/2021,,,0.883165068,,1.012831241
03/01/2021,,,0.887304955,,0.987551198
04/01/2021,,,0.889235343,,0.964083876
05/01/2021,,,0.889992235,,0.943748857
06/01/2021,,,0.891043465,,0.927401744
07/01/2021,,,0.893392692,,0.915704921
08/01/2021,,,0.89746951,,0.909153169
09/01/2021,,,0.903420473,,0.907816939
10/01/2021,,,0.910992178,,0.911031274
11/01/2021,,,0.919722985,,0.917329711
12/01/2021,,,0.92898025,,0.924944433
13/01/2021,,,0.938133514,,0.93280951
14/01/2021,,,0.946809454,,0.940298853
15/01/2021,,,0.955031546,,0.947120218
16/01/2021,,,0.963169841,,0.953311681
17/01/2021,,,0.971630568,,0.95935402
18/01/2021,,,0.98038984,,0.965599636
19/01/2021,,,0.989024192,,0.972014038
20/01/2021,,,0.996881328,,0.97822727
21/01/2021,,,1.003388185,,0.983663559
22/01/2021,,,1.008154105,,0.987562163
23/01/2021,,,1.01075918,,0.989098022
24/01/2021,,,1.011010221,,0.987382123
25/01/2021,,,1.009141141,,0.981825523
26/01/2021,,,1.005822537,,0.972236535
27/01/2021,,,1.001977993,,0.958989591
28/01/2021,,,0.998416209,,0.942929882
29/01/2021,,,0.995719588,,0.925166229
30/01/2021,,,0.994483906,,0.906857935
31/01/2021,,,0.995099265,,0.88904596
01/02/2021,,,0.997625491,,0.872722663
02/02/2021,,,1.001950725,,0.858681584
03/02/2021,,,1.007809292,,0.847612654
04/02/2021,,,1.014797066,,0.840125905
05/02/2021,,,1.022427558,,0.836533067
06/02/2021,,,1.03020443,,0.836600435
07/02/2021,,,1.037689378,,0.83943256
08/02/2021,,,1.04449687,,0.84372177
09/02/2021,,,1.050132173,,0.848409809
10/02/2021,,,1.054100044,,0.852613089
11/02/2021,,,1.056122847,,0.855697126
12/02/2021,,,1.056289716,,0.856890854
13/02/2021,,,1.054930416,,0.855145936
14/02/2021,,,1.052390323,,0.849814887
15/02/2021,,,1.048928425,,0.841134529
16/02/2021,,,1.044730848,,0.830241806
17/02/2021,,,1.039959557,,0.818662
18/02/2021,,,1.034753078,,0.807507715
19/02/2021,,,1.029188459,,0.797724078
20/02/2021,,,1.023376953,,0.790361762
21/02/2021,,,1.017530398,,0.786172416
22/02/2021,,,1.011831043,,0.785439432
23/02/2021,,,1.006351049,,0.788134452
24/02/2021,,,1.001077764,,0.794077676
25/02/2021,,,0.995928783,,0.802948588
26/02/2021,,,0.990756482,,0.81418009
27/02/2021,,,0.98539002,,0.826897748
28/02/2021,,,0.979766091,,0.840023986
01/03/2021,,,0.974124757,,0.852840354
02/03/2021,,,0.969019516,,0.864666384
03/03/2021,,,0.965118281,,0.874807662
04/03/2021,,,0.962936295,,0.882719307
05/03/2021,,,0.962668078,,0.888362529
06/03/2021,,,0.964421466,,0.892345336
07/03/2021,,,0.968184413,,0.895459407
08/03/2021,,,0.973720712,,0.897685757
09/03/2021,,,0.980536093,,0.898491268
10/03/2021,,,0.987934812,,0.897282017
11/03/2021,,,0.995189562,,0.893344481
12/03/2021,,,1.001707368,,0.885867219
13/03/2021,,,1.006840034,,0.874530076
14/03/2021,,,1.010046326,,0.859777792
15/03/2021,,,1.011139437,,0.842734281
16/03/2021,,,1.01009296,,0.824827977
17/03/2021,,,1.006970441,,0.807310449
18/03/2021,,,1.002035345,,0.791454999
19/03/2021,,,0.995770832,,0.778525675
20/03/2021,,,0.988806504,,0.76940777
21/03/2021,,,0.981769482,,0.764516669
22/03/2021,,,0.975124115,,0.764019027
23/03/2021,,,0.969393122,,0.767898982
24/03/2021,,,0.965179254,,0.775834491
25/03/2021,,,0.962922249,,0.787113655
26/03/2021,,,0.962714363,,0.800857336
27/03/2021,,,0.96442295,,0.816095005
28/03/2021,,,0.967816589,,0.832327638
29/03/2021,,,0.972612743,,0.848746545
30/03/2021,,,0.978486743,,0.864112718
31/03/2021,,,0.985076667,,0.877508811
01/04/2021,,,0.992023476,,0.889084886
02/04/2021,,,0.999036888,,0.900133135
03/04/2021,,,1.005753926,,0.912121044
04/04/2021,,,1.011728653,,0.925080566
05/04/2021,,,1.016635294,,0.938248573
06/04/2021,,,1.020302668,,0.951069414
07/04/2021,,,1.02265328,,0.962914898
08/04/2021,,,1.023767218,,0.973106133
09/04/2021,,,1.023914839,,0.981295093
10/04/2021,,,1.023518773,,0.987783792
11/04/2021,,,1.023022309,,0.993451847
12/04/2021,,,1.02266581,,0.999150756
13/04/2021,,,1.022499999,,1.004846577
14/04/2021,,,1.022524263,,1.010072857
15/04/2021,,,1.022707875,,1.014501552
16/04/2021,,,1.022624364,,1.017995905
17/04/2021,,,1.020698375,,1.020584342
18/04/2021,,,1.015488495,,1.022346468
19/04/2021,,,1.006693815,,1.02342354
20/04/2021,,,0.995322947,,1.024030897
21/04/2021,,,0.983324184,,1.024344422
22/04/2021,,,0.972975105,,1.02426649
23/04/2021,,,0.966717761,,1.023530317
24/04/2021,,,0.967624651,,1.021849732
25/04/2021,,,0.977993196,,1.018975715
26/04/2021,,,0.998333447,,1.014771693
27/04/2021,,,1.026938192,,1.009391844
28/04/2021,,,1.060079668,,1.003267207
29/04/2021,,,1.094137169,,0.996988776
30/04/2021,,,1.127103705,,0.991170023
01/05/2021,,,1.158826934,,0.986347973
02/05/2021,,,1.190210266,,0.983043368
03/05/2021,,,1.22190419,,0.981649011
04/05/2021,,,1.253636149,,0.98247128
05/05/2021,,,1.284324082,,0.985730477
06/05/2021,,,1.3119084,,0.991375043
07/05/2021,,,1.334755897,,0.998978868
08/05/2021,,,1.352380169,,1.007746325
09/05/2021,,,1.364885993,,1.016669788
10/05/2021,,,1.372782144,,1.024815953
11/05/2021,,,1.376917813,,1.031346097
12/05/2021,,,1.37824091,,1.035741903
13/05/2021,,,1.377248694,,1.03770384
14/05/2021,,,1.373278066,,1.037134025
15/05/2021,,,1.364880336,,1.034275943
16/05/2021,,,1.351074052,,1.029759374
17/05/2021,,,1.332114687,,1.024490098
18/05/2021,,,1.309506811,,1.019356196
19/05/2021,,,1.285155597,,1.014856976
20/05/2021,,,1.260652663,,1.011294485
21/05/2021,,,1.2370555,,1.00881321
22/05/2021,,,1.214975656,,1.007142123
23/05/2021,,,1.194720195,,1.005746004
24/05/2021,,,1.176324772,,1.004324887
25/05/2021,,,1.159572394,,1.002966475
26/05/2021,,,1.144306549,,1.002025042
27/05/2021,,,1.130562194,,1.001914979
28/05/2021,,,1.118473438,,1.00301028
29/05/2021,,,1.108704719,,1.005783786
30/05/2021,,,1.101906557,,1.010734008
31/05/2021,,,1.098085068,,1.018231647
01/06/2021,,,1.096468178,,1.028380149
02/06/2021,,,1.095744077,,1.04078853
03/06/2021,,,1.094544046,,1.054636431
04/06/2021,,,1.091886451,,1.068852919
05/06/2021,,,1.086878287,,1.082288716
06/06/2021,,,1.079040409,,1.093812746
07/06/2021,,,1.068574868,,1.102319435
08/06/2021,,,1.056165012,,1.107104998
09/06/2021,,,1.042653955,,1.107495173
10/06/2021,,,1.028705673,,1.102974318
11/06/2021,,,1.014626887,,1.093838663
12/06/2021,,,1.000389925,,1.081337007
13/06/2021,,,0.985794207,,1.067368306
14/06/2021,,,0.970728077,,1.053880403
15/06/2021,,,0.955435567,,1.042266674
16/06/2021,,,0.940560685,,1.033740935
17/06/2021,,,0.926944447,,1.029156644
18/06/2021,,,0.915141737,,1.028560262
19/06/2021,,,0.905374911,,1.031382802
20/06/2021,,,0.897629969,,1.036904091
21/06/2021,,,0.89166316,,1.044472021
22/06/2021,,,0.886975198,,1.053508832
23/06/2021,,,0.882866419,,1.063500984
24/06/2021,,,0.878713506,,1.074103297
25/06/2021,,,0.874470051,,1.085140986
26/06/2021,,,0.870576569,,1.096455987
27/06/2021,,,0.867612193,,1.106509798
28/06/2021,,,0.866001662,,1.11331527
29/06/2021,,,0.865876923,,1.11641935
30/06/2021,,,0.867185576,,1.117326782
01/07/2021,,,0.869814916,,1.118657383
02/07/2021,,,0.873655677,,1.122792889
03/07/2021,,,0.878611638,,1.130890302
04/07/2021,,,0.884570102,,1.143800429
05/07/2021,,,0.89135514,,1.162131018
06/07/2021,,,0.898677704,,1.186388779
07/07/2021,,,0.905989405,,1.216306818
08/07/2021,,,0.912542307,,1.249856747
09/07/2021,,,0.917742478,,1.283589472
10/07/2021,,,0.921161002,,1.313535424
11/07/2021,,,0.922425869,,1.336080572
12/07/2021,,,0.921452535,,1.348456582
13/07/2021,,,0.918584129,,1.348816662
14/07/2021,,,0.914555607,,1.337444704
15/07/2021,,,0.910244368,,1.316196885
16/07/2021,,,0.906211316,,1.287701125
17/07/2021,,,0.902744201,,1.254954338
18/07/2021,,,0.900104002,,1.220989677
19/07/2021,,,0.898426393,,1.188584516
20/07/2021,,,0.897587148,,1.159828691
21/07/2021,,,0.896991497,,1.1356352
22/07/2021,,,0.895964769,,1.116371077
23/07/2021,,,0.894134729,,1.101937439
24/07/2021,,,0.891585866,,1.092692851
25/07/2021,,,0.888819307,,1.089127258
26/07/2021,,,0.886562048,,1.090913122
27/07/2021,,,0.885631903,,1.096563825
28/07/2021,,,0.887030212,,1.103714416
29/07/2021,,,0.891473947,,1.109930291
30/07/2021,,,0.899109511,,1.113621917
31/07/2021,,,0.909504313,,1.113592166
01/08/2021,,,0.921766143,,1.109256814
02/08/2021,,,0.935002629,,1.10078515
03/08/2021,,,0.948673943,,1.08891873
04/08/2021,,,0.962697082,,1.074728203
05/08/2021,,,0.977293981,,1.059367061
06/08/2021,,,0.992613132,,1.043921643
07/08/2021,,,1.008424876,,1.02930489
08/08/2021,,,1.024119748,,1.016163673
09/08/2021,,,1.038806958,,1.005016148
10/08/2021,,,1.051869956,,0.996108651
11/08/2021,,,1.063116061,,0.989820302
12/08/2021,,,1.072548581,,0.986535829
13/08/2021,,,1.080320086,,0.986220683
14/08/2021,,,1.086748173,,0.988209526
15/08/2021,,,1.092250078,,0.991287762
16/08/2021,,,1.097079259,,0.99410903
17/08/2021,,,1.100886279,,0.995783133
18/08/2021,,,1.102875439,,0.995642278
19/08/2021,,,1.102378067,,0.993254012
20/08/2021,,,1.099209326,,0.987983567
21/08/2021,,,1.093689545,,0.979325113
22/08/2021,,,1.086304519,,0.967466935
23/08/2021,,,1.077517631,,0.953364845
24/08/2021,,,1.067722152,,0.938496309
25/08/2021,,,1.057268686,,0.92446959
26/08/2021,,,1.046507861,,0.912727834
27/08/2021,,,1.035798048,,0.904902154
28/08/2021,,,1.025529034,,0.902299942
29/08/2021,,,1.016260148,,0.906174802
30/08/2021,,,1.008566794,,0.917364986
31/08/2021,,,1.002755685,,0.93560401
01/09/2021,,,0.999054108,,0.959286911
02/09/2021,,,0.997549492,,0.985669869
03/09/2021,,,0.998020431,,1.01154715
04/09/2021,,,0.99989527,,1.034114167
05/09/2021,,,1.002364828,,1.050738554
06/09/2021,,,1.004667081,,1.059879624
07/09/2021,,,1.006405087,,1.061212112
08/09/2021,,,1.007311852,,1.05529616
09/09/2021,,,1.007218365,,1.043345613
10/09/2021,,,1.00612,,1.027053709
11/09/2021,,,1.004013566,,1.008424005
12/09/2021,,,1.000542257,,0.989386614
13/09/2021,,,0.995385466,,0.971203018
14/09/2021,,,0.988584613,,0.954730361
15/09/2021,,,0.980607867,,0.940348231
16/09/2021,,,0.972240641,,0.92830164
17/09/2021,,,0.96439903,,0.918848778
18/09/2021,,,0.95811571,,0.912083972
19/09/2021,,,0.954721088,,0.907683296
20/09/2021,,,0.955272041,,0.904826025
21/09/2021,,,0.960085538,,0.902533725
22/09/2021,,,0.968695038,,0.900397818
23/09/2021,,,0.980177521,,0.898393897
24/09/2021,,,0.993579447,,0.896456018
25/09/2021,,,1.00816434,,0.893554802
26/09/2021,,,1.023477431,,0.888520746
27/09/2021,,,1.039268712,,0.881146056
28/09/2021,,,1.055325097,,0.872442745
29/09/2021,,,1.071249461,,0.864238846
30/09/2021,,,1.086274109,,0.858487582
01/10/2021,,,1.099424657,,0.856867378
02/10/2021,,,1.108645356,,0.861536007
03/10/2021,,,1.1081692,,0.874487252
04/10/2021,,,1.09354781,,0.897251761
05/10/2021,,,1.065202248,,0.930449796
06/10/2021,,,1.028321763,,0.973343894
07/10/2021,,,0.990779466,,1.023759423
08/10/2021,,,0.960619038,,1.078133441
09/10/2021,,,0.945530759,,1.131764875
10/10/2021,,,0.955056727,,1.179274741
11/10/2021,,,0.996296762,,1.215485458
12/10/2021,,,1.070135319,,1.238030529
13/10/2021,,,1.165658491,,1.247603456
14/10/2021,,,1.262459199,,1.246406632
15/10/2021,,,1.34498426,,1.237103259
16/10/2021,,,1.410691747,,1.222482912
17/10/2021,,,1.467891301,,1.205266664
18/10/2021,,,1.527255003,,1.187512004
19/10/2021,,,1.593859622,,1.169687319
20/10/2021,,,1.666931437,,1.151363265
21/10/2021,,,1.740217808,,1.132222936
22/10/2021,,,1.802217699,,1.112290857
23/10/2021,,,1.844715463,,1.091925004
24/10/2021,,,1.868093135,,1.071668129
25/10/2021,,,1.875822871,,1.05204573
26/10/2021,,,1.871102346,,1.033492236
27/10/2021,,,1.856254242,,1.016427207
28/10/2021,,,1.832835806,,1.001448111
29/10/2021,,,1.801409985,,0.989317057
30/10/2021,,,1.760842942,,0.980426151
31/10/2021,,,1.709133915,,0.974942995
01/11/2021,,,1.646653417,,0.972833935
02/11/2021,,,1.577203897,,0.973712233
03/11/2021,,,1.506879874,,0.976744628
04/11/2021,,,1.441826775,,0.980734074
05/11/2021,,,1.385528644,,0.984506097
06/11/2021,,,1.338578718,,0.987494934
07/11/2021,,,1.299706192,,0.989483966
08/11/2021,,,1.266802668,,0.990426214
09/11/2021,,,1.23747872,,0.990233038
10/11/2021,,,1.209304013,,0.988802491
11/11/2021,,,1.180247264,,0.986143554
12/11/2021,,,1.149643962,,0.982462868
13/11/2021,,,1.117882095,,0.978188265
14/11/2021,,,1.085855449,,0.973893725
15/11/2021,,,1.054524096,,0.970154774
16/11/2021,,,1.024455317,,0.967534245
17/11/2021,,,0.995605491,,0.966314232
18/11/2021,,,0.967398958,,0.966508181
19/11/2021,,,0.939161087,,0.968019805
20/11/2021,,,0.910857115,,0.970689923
21/11/2021,,,0.883325598,,0.974270956
22/11/2021,,,0.857967482,,0.978415958
23/11/2021,,,0.836095917,,0.982776384
24/11/2021,,,0.818362898,,0.987206689
25/11/2021,,,0.80520607,,0.991688228
26/11/2021,,,0.796909336,,0.996324836
27/11/2021,,,0.79341901,,1.001548838
28/11/2021,,,0.794130111,,1.007698502
29/11/2021,,,0.797855394,,1.014711686
30/11/2021,,,0.803303043,,1.022137182
01/12/2021,,,0.809670699,,1.02929565
02/12/2021,,,0.816007232,,1.035438778
03/12/2021,,,0.821192875,,1.039737063
04/12/2021,,,0.824345896,,1.041225491
05/12/2021,,,0.824573366,,1.039392722
06/12/2021,,,0.82113152,,1.034188248
07/12/2021,,,0.813803756,,1.025906232
08/12/2021,,,0.803082361,,1.015104156
09/12/2021,,,0.790067392,,1.002517273
10/12/2021,,,0.775997118,,0.988999172
11/12/2021,,,0.761601173,,0.975415661
12/12/2021,,,0.747535975,,0.96250484
13/12/2021,,,0.734400185,,0.950978909
14/12/2021,,,0.722507813,,0.941143891
15/12/2021,,,0.711694572,,0.932750912
16/12/2021,,,0.701086128,,0.925545003
17/12/2021,,,0.689679269,,0.919522251
18/12/2021,,,0.67691973,,0.914836956
19/12/2021,,,0.662967387,,0.911612746
20/12/2021,,,0.648644107,,0.909943516
21/12/2021,,,0.63507048,,0.910293531
22/12/2021,,,0.623379767,,0.913529544
23/12/2021,,,0.614849909,,0.920155321
24/12/2021,,,0.61025957,,0.929874924
25/12/2021,,,0.60992714,,0.942150513
26/12/2021,,,0.61355856,,0.956678827
27/12/2021,,,0.620469444,,0.973472838
28/12/2021,,,0.630411915,,0.992575317
29/12/2021,,,0.644444854,,1.013653725
30/12/2021,,,0.665336397,,1.035842649
31/12/2021,,,0.696675737,,1.058133288
01/01/2022,,,0.740135809,,1.080116415
02/01/2022,,,0.793887232,,1.102521714
03/01/2022,,,0.852094131,,1.125608117
04/01/2022,,,0.906486368,,1.148451357
05/01/2022,,,0.950196152,,1.169346426
06/01/2022,,,0.978341873,,1.186504656
07/01/2022,,,0.988900273,,1.198385726
08/01/2022,,,0.983429934,,1.203205161
09/01/2022,,,0.966614087,,1.199043076
10/01/2022,,,0.944791048,,1.185574093
11/01/2022,,,0.923497452,,1.163536833
12/01/2022,,,0.904946685,,1.134461953
13/01/2022,,,0.890079437,,1.100452144
14/01/2022,,,0.879494272,,1.063864724
15/01/2022,,,0.873322027,,1.027087203
16/01/2022,,,0.871061659,,0.992272173
17/01/2022,,,0.871754169,,0.961156751
18/01/2022,,,0.874521673,,0.935514482
19/01/2022,,,0.87887822,,0.916394059
20/01/2022,,,0.884781205,,0.904716021
21/01/2022,,,0.892511337,,0.901060864
22/01/2022,,,0.902487378,,0.905092659
23/01/2022,,,0.915138536,,0.915203753
24/01/2022,,,0.930592258,,0.928603807
25/01/2022,,,0.948324029,,0.94219888
26/01/2022,,,0.967354541,,0.953946635
27/01/2022,,,0.986177896,,0.962282933
28/01/2022,,,1.003460349,,0.966222945
29/01/2022,,,1.018736727,,0.965066168
30/01/2022,,,1.03260733,,0.958575207
31/01/2022,,,1.046411727,,0.947157082
01/02/2022,,,1.061425594,,0.931841978
02/02/2022,,,1.078029429,,0.914135056
03/02/2022,,,1.095875096,,0.895701063
04/02/2022,,,1.113880217,,0.878057625
05/02/2022,,,1.130727784,,0.862816632
06/02/2022,,,1.145701283,,0.851051312
07/02/2022,,,1.159014856,,0.843428767
08/02/2022,,,1.171147229,,0.840349416
09/02/2022,,,1.18238389,,0.841832986
10/02/2022,,,1.192689371,,0.847355716
11/02/2022,,,1.201675786,,0.855777512
12/02/2022,,,1.20846208,,0.865646018
13/02/2022,,,1.21158862,,0.8758987
14/02/2022,,,1.209429477,,0.885632949
15/02/2022,,,1.201272016,,0.894023758
16/02/2022,,,1.187426942,,0.899877883
17/02/2022,,,1.167936704,,0.902226395
18/02/2022,,,1.143246048,,0.900941476
19/02/2022,,,1.114668871,,0.896919111
20/02/2022,,,1.08421143,,0.891819978
21/02/2022,,,1.054134038,,0.887423442
22/02/2022,,,1.026487577,,0.8850105
23/02/2022,,,1.003120142,,0.885823925
24/02/2022,,,0.986558662,,0.890892425
25/02/2022,,,0.979112921,,0.901177828
26/02/2022,,,0.98183379,,0.91701182
27/02/2022,,,0.993941499,,0.937790491
28/02/2022,,,1.013138136,,0.962061209
01/03/2022,,,1.036864824,,0.987766784
02/03/2022,,,1.063157674,,1.01253349
03/03/2022,,,1.090827949,,1.033713099
04/03/2022,,,1.119205442,,1.048505366
05/03/2022,,,1.147784969,,1.055204211
06/03/2022,,,1.176045904,,1.052670011
07/03/2022,,,1.203154454,,1.040803923
08/03/2022,,,1.227697267,,1.020899305
09/03/2022,,,1.248433164,,0.995454478
10/03/2022,,,1.264550882,,0.967673716
11/03/2022,,,1.275786127,,0.940680991
12/03/2022,,,1.282582154,,0.916897302
13/03/2022,,,1.286034452,,0.898714614
14/03/2022,,,1.287524031,,0.88775587
15/03/2022,,,1.288042619,,0.885390848
16/03/2022,,,1.287517279,,0.892367231
17/03/2022,,,1.285135941,,0.908244948
18/03/2022,,,1.279994185,,0.931112335
19/03/2022,,,1.271665749,,0.957714352
20/03/2022,,,1.260834754,,0.984312891
21/03/2022,,,1.249347295,,1.007846679
22/03/2022,,,1.238700161,,1.025583923
23/03/2022,,,1.229320776,,1.035880322
24/03/2022,,,1.220710119,,1.037703654
25/03/2022,,,1.211923679,,1.030932874
26/03/2022,,,1.202010164,,1.016631878
27/03/2022,,,1.19000314,,0.996941799
28/03/2022,,,1.174903186,,0.974696786
29/03/2022,,,1.156496502,,0.952706521
30/03/2022,,,1.135429933,,0.933101901
31/03/2022,,,1.112616829,,0.917856723
01/04/2022,,,1.088823487,,0.908129875
02/04/2022,,,1.064556177,,0.904547097
03/04/2022,,,1.040038263,,0.90734533
04/04/2022,,,1.015288987,,0.916226203
05/04/2022,,,0.990338845,,0.930163962
06/04/2022,,,0.965573374,,0.947356648
07/04/2022,,,0.942085131,,0.965687842
08/04/2022,,,0.921550282,,0.983555332
09/04/2022,,,0.905547815,,0.999650124
10/04/2022,,,0.894787752,,1.012927749
11/04/2022,,,0.889480271,,1.021934839
12/04/2022,,,0.889491501,,1.025823036
13/04/2022,,,0.894218355,,1.025142113
14/04/2022,,,0.902504386,,1.021822538
15/04/2022,,,0.912753642,,1.018520288
16/04/2022,,,0.92344231,,1.017582878
17/04/2022,,,0.93384662,,1.020380619
18/04/2022,,,0.943490768,,1.028038923
19/04/2022,,,0.951863073,,1.041492983
20/04/2022,,,0.958599594,,1.062272075
21/04/2022,,,0.963298017,,1.09081464
22/04/2022,,,0.965415994,,1.12543985
23/04/2022,,,0.964756516,,1.162537958
24/04/2022,,,0.961727703,,1.197495538
25/04/2022,,,0.957297491,,1.225875266
26/04/2022,,,0.952696391,,1.24391282
27/04/2022,,,0.948958302,,1.24866598
28/04/2022,,,0.947013266,,1.240127351
29/04/2022,,,0.947796053,,1.220485972
30/04/2022,,,0.951811226,,1.192713816
01/05/2022,,,0.959090758,,1.159757445
02/05/2022,,,0.969573704,,1.124270987
03/05/2022,,,0.983028664,,1.088617559
04/05/2022,,,0.998973081,,1.0546382
05/05/2022,,,1.016684312,,1.02331652
06/05/2022,,,1.035253575,,0.995229486
07/05/2022,,,1.053628175,,0.970317541
08/05/2022,,,1.070511712,,0.948215925
09/05/2022,,,1.08417763,,0.928751709
10/05/2022,,,1.09305768,,0.911893865
11/05/2022,,,1.096489883,,0.897432593
12/05/2022,,,1.094893891,,0.88483184
13/05/2022,,,1.089242264,,0.873692316
14/05/2022,,,1.080613929,,0.864697766
15/05/2022,,,1.069992759,,0.859197636
16/05/2022,,,1.058232948,,0.858231549
17/05/2022,,,1.04603538,,0.86250476
18/05/2022,,,1.033802287,,0.872323847
19/05/2022,,,1.021682667,,0.887480893
20/05/2022,,,1.00993015,,0.907151293
21/05/2022,,,0.998953206,,0.929836973
22/05/2022,,,0.989085582,,0.953592842
23/05/2022,,,0.980680965,,0.976394243
24/05/2022,,,0.973942679,,0.99626698
25/05/2022,,,0.968714268,,1.011944307
26/05/2022,,,0.964431518,,1.022441769
27/05/2022,,,0.960258088,,1.027348126
28/05/2022,,,0.955436369,,1.027207458
29/05/2022,,,0.949693343,,1.023572142
30/05/2022,,,0.943088011,,1.018604464
31/05/2022,,,0.935948904,,1.01414597
01/06/2022,,,0.928715628,,1.010947224
02/06/2022,,,0.921655048,,1.009392142
03/06/2022,,,0.914772091,,1.009666298
04/06/2022,,,0.907901463,,1.011935003
05/06/2022,,,0.90079348,,1.016164468
06/06/2022,,,0.893175947,,1.022012779
07/06/2022,,,0.884843069,,1.02886221
08/06/2022,,,0.875844013,,1.035927371
09/06/2022,,,0.866701089,,1.042410258
10/06/2022,,,0.858319624,,1.047573223
11/06/2022,,,0.851587477,,1.05073189
12/06/2022,,,0.846970933,,1.051035792
13/06/2022,,,0.844496047,,1.046489328
14/06/2022,,,0.843937532,,1.035901353
15/06/2022,,,0.844975507,,1.020079312
16/06/2022,,,0.847279245,,1.001625477
17/06/2022,,,0.850563687,,0.983954601
18/06/2022,,,0.854682224,,0.970184319
19/06/2022,,,0.859741428,,0.962955236
20/06/2022,,,0.865876856,,0.965301757
21/06/2022,,,0.872933956,,0.979177287
22/06/2022,,,0.880440108,,1.005173393
23/06/2022,,,0.88792642,,1.042243162
24/06/2022,,,0.895034306,,1.087722772
25/06/2022,,,0.901590494,,1.137659272
26/06/2022,,,0.907698567,,1.187289269
27/06/2022,,,0.913739908,,1.231817071
28/06/2022,,,0.92023897,,1.267126426
29/06/2022,,,0.927532968,,1.290481128
30/06/2022,,,0.935327554,,1.30169406
01/07/2022,,,0.942799524,,1.302097641
02/07/2022,,,0.94899558,,1.293577959
03/07/2022,,,0.953309956,,1.278326124
04/07/2022,,,0.955429411,,1.258861487
05/07/2022,,,0.955287496,,1.237829153
06/07/2022,,,0.953157301,,1.217215196
07/07/2022,,,0.949653494,,1.197733789
08/07/2022,,,0.945605653,,1.179495778
09/07/2022,,,0.941769948,,1.162443279
10/07/2022,,,0.938453585,,1.146596587
11/07/2022,,,0.935729562,,1.131935313
12/07/2022,,,0.933621829,,1.118282255
13/07/2022,,,0.932104806,,1.105330893
14/07/2022,,,0.931123191,,1.092839519
15/07/2022,,,0.930637957,,1.080916042
16/07/2022,,,0.930653102,,1.07011721
17/07/2022,,,0.931215732,,1.060977808
18/07/2022,,,0.932389129,,1.053623679
19/07/2022,,,0.934208768,,1.047860359
20/07/2022,,,0.936630731,,1.043459096
21/07/2022,,,0.939484531,,1.04022707
22/07/2022,,,0.942453502,,1.037947627
23/07/2022,,,0.945148613,,1.036383383
24/07/2022,,,0.947276641,,1.035504652
25/07/2022,,,0.948706196,,1.035693988
26/07/2022,,,0.949433797,,1.037456305
27/07/2022,,,0.949564322,,1.041316154
28/07/2022,,,0.94928915,,1.048253462
29/07/2022,,,0.948846056,,1.0586869
30/07/2022,,,0.948432587,,1.071877997
31/07/2022,,,0.948062846,,1.086067814
01/08/2022,,,0.947568061,,1.099054875
02/08/2022,,,0.946721067,,1.108888834
03/08/2022,,,0.945349189,,1.114071428
04/08/2022,,,0.943365582,,1.113316306
05/08/2022,,,0.940640532,,1.106259244
06/08/2022,,,0.937136204,,1.093215642
07/08/2022,,,0.933017285,,1.075117047
08/08/2022,,,0.928647139,,1.053349947
09/08/2022,,,0.924505607,,1.029540422
10/08/2022,,,0.921063644,,1.005384813
11/08/2022,,,0.918720048,,0.982408316
12/08/2022,,,0.917909557,,0.961914094
13/08/2022,,,0.918926014,,0.945021382
14/08/2022,,,0.921792013,,0.932408171
15/08/2022,,,0.926417798,,0.924886389
16/08/2022,,,0.932898513,,0.922968363
17/08/2022,,,0.941355977,,0.926345388
18/08/2022,,,0.951752882,,0.933661528
19/08/2022,,,0.963786226,,0.942765246
20/08/2022,,,0.976848693,,0.951639564
21/08/2022,,,0.990043664,,0.95901194
22/08/2022,,,1.002110815,,0.963816905
23/08/2022,,,1.011414778,,0.965290546
24/08/2022,,,1.016625116,,0.962616644
25/08/2022,,,1.017225729,,0.955471533
26/08/2022,,,1.012992532,,0.944374188
27/08/2022,,,1.004135603,,0.930615232
28/08/2022,,,0.991480756,,0.915898344
29/08/2022,,,0.976382776,,0.901808208
30/08/2022,,,0.960449518,,0.88966781
31/08/2022,,,0.945123302,,0.880892886
01/09/2022,,,0.93142662,,0.876300838
02/09/2022,,,0.920580581,,0.875806431
03/09/2022,,,0.913775051,,0.879120192
04/09/2022,,,0.911697749,,0.88620502
05/09/2022,,,0.914282653,,0.897229626
06/09/2022,,,0.920952121,,0.912211855
07/09/2022,,,0.930995249,,0.930842069
08/09/2022,,,0.943780445,,0.952610572
09/09/2022,,,0.958774011,,0.977230861
10/09/2022,,,0.975461607,,1.004976709
11/09/2022,,,0.993301564,,1.03736536
12/09/2022,,,1.011705867,,1.07478162
13/09/2022,,,1.029807451,,1.11518836
14/09/2022,,,1.046514663,,1.154594824
15/09/2022,,,1.060967853,,1.188381423
16/09/2022,,,1.072229145,,1.2123667
17/09/2022,,,1.079609744,,1.223096381
18/09/2022,,,1.083187522,,1.218149983
19/09/2022,,,1.083925656,,1.197453186
20/09/2022,,,1.083378533,,1.161836427
21/09/2022,,,1.083042929,,1.113743262
22/09/2022,,,1.083687177,,1.057143941
23/09/2022,,,1.085752914,,0.996705562
24/09/2022,,,1.089358004,,0.936938947
25/09/2022,,,1.094219941,,0.881364261
26/09/2022,,,1.099689052,,0.832842409
27/09/2022,,,1.104633119,,0.79442857
28/09/2022,,,1.108147703,,0.768605191
29/09/2022,,,1.110057578,,0.758386328
30/09/2022,,,1.110933957,,0.766474532
01/10/2022,,,1.111785507,,0.793854127
02/10/2022,,,1.113586988,,0.83839775
03/10/2022,,,1.11698541,,0.894311238
04/10/2022,,,1.122438699,,0.954090482
05/10/2022,,,1.129891997,,1.010383597
06/10/2022,,,1.138852957,,1.056445301
07/10/2022,,,1.149200028,,1.088141144
08/10/2022,,,1.161085421,,1.10371592
09/10/2022,,,1.174295761,,1.1037482
10/10/2022,,,1.188090409,,1.090983121
11/10/2022,,,1.201355486,,1.069809574
12/10/2022,,,1.212821003,,1.045169514
13/10/2022,,,1.221158932,,1.020556458
14/10/2022,,,1.224719499,,0.997470233
15/10/2022,,,1.222093428,,0.976526022
16/10/2022,,,1.21302141,,0.957719531
17/10/2022,,,1.198676257,,0.940675826
18/10/2022,,,1.18099943,,0.925157386
19/10/2022,,,1.161734728,,0.911148869
20/10/2022,,,1.14201481,,0.898658287
21/10/2022,,,1.122397875,,0.887653708
22/10/2022,,,1.103081272,,0.878524736
23/10/2022,,,1.084099604,,0.87236275
24/10/2022,,,1.065381218,,0.870592053
25/10/2022,,,1.047016506,,0.874415731
26/10/2022,,,1.029487616,,0.884936464
27/10/2022,,,1.013305925,,0.902633398
28/10/2022,,,0.998700521,,0.926928439
29/10/2022,,,0.98561026,,0.956033711
30/10/2022,,,0.973755531,,0.987109417
31/10/2022,,,0.962667177,,1.016899957
01/11/2022,,,0.951754445,,1.042216719
02/11/2022,,,0.940540024,,1.060506884
03/11/2022,,,0.929138494,,1.070463098
04/11/2022,,,0.918425104,,1.07151262
05/11/2022,,,0.909708407,,1.064141904
06/11/2022,,,0.904140257,,1.050101033
07/11/2022,,,0.902277295,,1.032173188
08/11/2022,,,0.904408265,,1.013480992
09/11/2022,,,0.910535676,,0.996266203
10/11/2022,,,0.920236658,,0.981723415
11/11/2022,,,0.932626872,,0.970630565
12/11/2022,,,0.94647051,,0.963196312
13/11/2022,,,0.960485672,,0.959056813
14/11/2022,,,0.973650451,,0.957780809
15/11/2022,,,0.984801224,,0.95908298
16/11/2022,,,0.992801744,,0.962718255
17/11/2022,,,0.997030355,,0.968349254
18/11/2022,,,0.997512372,,0.975771167
19/11/2022,,,0.994572527,,0.985019934
20/11/2022,,,0.988720037,,0.996438592
21/11/2022,,,0.980612013,,1.010488606
22/11/2022,,,0.971021029,,1.027990893
23/11/2022,,,0.960742012,,1.049164182
24/11/2022,,,0.950371442,,1.073104536
25/11/2022,,,0.940309893,,1.097919708
26/11/2022,,,0.931074871,,1.121176104
27/11/2022,,,0.923198378,,1.140324324
28/11/2022,,,0.916874616,,1.153026116
29/11/2022,,,0.911905066,,1.15753054
30/11/2022,,,0.907976864,,1.153523434
01/12/2022,,,0.904798899,,1.14201174
02/12/2022,,,0.902124894,,1.124682838
03/12/2022,,,0.899762167,,1.103413667
04/12/2022,,,0.897670201,,1.08006262
05/12/2022,,,0.896222872,,1.056355694
06/12/2022,,,0.896117043,,1.033518633
07/12/2022,,,0.897904121,,1.012316695
08/12/2022,,,0.901759261,,0.992982094
09/12/2022,,,0.907581595,,0.975426712
10/12/2022,,,0.915277919,,0.959432013
11/12/2022,,,0.924818994,,0.944907254
12/12/2022,,,0.936204036,,0.931826888
13/12/2022,,,0.949381984,,0.920037646
14/12/2022,,,0.964135818,,0.909303614
15/12/2022,,,0.979930917,,0.899870739
16/12/2022,,,0.995737195,,0.892577732
17/12/2022,,,1.009991093,,0.888476613
18/12/2022,,,1.021158838,,0.888381105
19/12/2022,,,1.028447487,,0.892781236
20/12/2022,,,1.031676152,,0.901780492
21/12/2022,,,1.031127926,,0.915031636
22/12/2022,,,1.027501828,,0.931666042
23/12/2022,,,1.0218105,,0.950299931
24/12/2022,,,1.015180116,,0.969344689
25/12/2022,,,1.008499424,,0.987203629
26/12/2022,,,1.002060743,,1.002699121
27/12/2022,,,0.99594695,,1.015070758
28/12/2022,,,0.990285864,,1.02373019
29/12/2022,,,0.985245789,,1.028513635
30/12/2022,,,0.980943522,,1.029958918
31/12/2022,,,0.977470201,,1.029297102
01/01/2023,,,0.974886352,,1.027995057
02/01/2023,,,0.973187346,,1.026846514
03/01/2023,,,0.972278992,,1.025967117
04/01/2023,,,0.971986561,,1.025322585
05/01/2023,,,0.972123291,,1.024843656
06/01/2023,,,0.972585869,,1.02445999
07/01/2023,,,0.973296651,,1.024121037
08/01/2023,,,0.974168381,,1.023806663
09/01/2023,,,0.975107334,,1.023525182
10/01/2023,,,0.976047864,,1.023297311
11/01/2023,,,0.97697278,,1.023127557
12/01/2023,,,0.977902428,,1.023005101
13/01/2023,,,0.97887386,,1.022918463
14/01/2023,,,0.979919823,,1.022857967
15/01/2023,,,0.981050215,,1.022816134
16/01/2023,,,0.982240037,,1.022787422
17/01/2023,,,0.983406174,,1.022767834
18/01/2023,,,0.984415155,,1.022754538
19/01/2023,,,0.98514162,,1.022745549
20/01/2023,,,0.985517578,,1.022739494
21/01/2023,,,0.985447339,,1.022735427
22/01/2023,,,0.984887537,,1.022732704
23/01/2023,,,0.983924868,,1.022730883
24/01/2023,,,0.982777068,,1.02272967
25/01/2023,,,0.98173088,,1.022728862
26/01/2023,,,0.981027785,,1.022728325
27/01/2023,,,0.980783919,,1.022727968
28/01/2023,,,0.981085907,,1.022727732
29/01/2023,,,0.981950677,,1.022727576
30/01/2023,,,0.983313662,,1.022727473
31/01/2023,,,0.984954595,,1.022727404
01/02/2023,,,0.986520405,,1.022700691
02/02/2023,,,0.987757663,,1.022550355
03/02/2023,,,0.988642787,,1.022210945
04/02/2023,,,0.989382674,,1.021713207
05/02/2023,,,0.990315177,,1.021175425
06/02/2023,,,0.991748221,,1.020748307
07/02/2023,,,0.99394984,,1.020556999
08/02/2023,,,0.997128889,,1.020694331
09/02/2023,,,1.001289568,,1.02126778
10/02/2023,,,1.006268073,,1.022372274
11/02/2023,,,1.011841744,,1.024121067
12/02/2023,,,1.017766492,,1.026515483
13/02/2023,,,1.023821706,,1.029387227
14/02/2023,,,1.029845707,,1.032435234
15/02/2023,,,1.035735869,,1.035307903
16/02/2023,,,1.041389325,,1.037683646
17/02/2023,,,1.046583905,,1.039293126
18/02/2023,,,1.050932386,,1.039910485
19/02/2023,,,1.054025586,,1.039397964
20/02/2023,,,1.055644048,,1.037671976
21/02/2023,,,1.055693338,,1.034772943
22/02/2023,,,1.053940582,,1.030908704
23/02/2023,,,1.050333747,,1.026443892
24/02/2023,,,1.04521052,,1.021833202
25/02/2023,,,1.039280105,,1.017496147
26/02/2023,,,1.033439426,,1.013785565
27/02/2023,,,1.028489454,,1.010947407
28/02/2023,,,1.025108814,,1.009128814
01/03/2023,,,1.024033408,,1.008389939
02/03/2023,,,1.025700197,,1.008670697
03/03/2023,,,1.03013437,,1.009766661
04/03/2023,,,1.037301399,,1.011352249
05/03/2023,,,1.046993189,,1.013081465
06/03/2023,,,1.058714436,,1.014762741
07/03/2023,,,1.071706402,,1.016317377
08/03/2023,,,1.085053223,,1.01771681
09/03/2023,,,1.097816326,,1.018943883
10/03/2023,,,1.109040884,,1.01997291
11/03/2023,,,1.117524819,,1.020782572
12/03/2023,,,1.122212606,,1.021377538
13/03/2023,,,1.122692691,,1.021798971
14/03/2023,,,1.119494061,,1.022108455
15/03/2023,,,1.113870321,,1.022344757
16/03/2023,,,1.107033963,,1.022523234
17/03/2023,,,1.09972664,,1.022653776
18/03/2023,,,1.092202254,,1.022742984
19/03/2023,,,1.084394783,,1.022795307
20/03/2023,,,1.076062202,,1.022815988
21/03/2023,,,1.066808846,,1.022813277
22/03/2023,,,1.056234909,,1.022798208
23/03/2023,,,1.044313332,,1.022781255
24/03/2023,,,1.031301924,,1.022766871
25/03/2023,,,1.017423468,,1.022755661
26/03/2023,,,1.002838723,,1.022747306
27/03/2023,,,0.9876536,,1.022741246
28/03/2023,,,0.971882436,,1.022736933
29/03/2023,,,0.955464358,,1.022733903
30/03/2023,,,0.938432309,,1.022731797
31/03/2023,,,0.921253011,,1.022730345
01/04/2023,,,0.905064143,,1.022729351
02/04/2023,,,0.891371693,,1.022728673
03/04/2023,,,0.881471993,,1.022728214
04/04/2023,,,0.875854102,,1.022727903
05/04/2023,,,0.874366051,,1.022727694
06/04/2023,,,0.876618592,,1.022727554
07/04/2023,,,0.882150127,,1.02272746
08/04/2023,,,0.89043041,,1.022727397
09/04/2023,,,0.900837014,,1.022727355
10/04/2023,,,0.912790964,,1.022727328
11/04/2023,,,0.92611496,,1.022727309
12/04/2023,,,0.940669623,,1.022727297
13/04/2023,,,0.955959338,,1.022727289
14/04/2023,,,0.971360861,,1.022727283
15/04/2023,,,0.986318544,,1.02272728
16/04/2023,,,1.000447404,,1.022727277
17/04/2023,,,1.013624461,,1.022727276
18/04/2023,,,1.026042301,,1.022727275
19/04/2023,,,1.038120477,,1.022727274
20/04/2023,,,1.050170908,,1.022727274
21/04/2023,,,1.061874582,,1.022727273
22/04/2023,,,1.072257608,,1.022727273
23/04/2023,,,1.080083338,,1.022727273
24/04/2023,,,1.084434783,,1.022727273
25/04/2023,,,1.085183399,,1.022727273
26/04/2023,,,1.082719147,,1.022727273