dates,,,R_ca506,,R_va1828,,R_mo119,R_ca258
24/11/2020,,,1.081973053,,4.482849345,,1.058729025,2.310501629
25/11/2020,,,1.029427636,,3.731668889,,1.0395619,1.940401813
26/11/2020,,,0.994022876,,3.231689836,,1.0150542,1.714036986
27/11/2020,,,0.969127535,,2.815144791,,0.987054784,1.569652793
28/11/2020,,,0.950556733,,2.486427579,,0.957329765,1.472874987
29/11/2020,,,0.935726185,,2.239934131,,0.927073845,1.405371092
30/11/2020,,,0.92305672,,2.059206398,,0.897244353,1.35687727
01/12/2020,,,0.911444377,,1.928996337,,0.869545072,1.321530829
02/12/2020,,,0.900121791,,1.835321082,,0.846088215,1.295912202
03/12/2020,,,0.888613414,,1.767006248,,0.828687027,1.277602215
04/12/2020,,,0.876676501,,1.715487715,,0.818194811,1.264584587
05/12/2020,,,0.864225796,,1.674569874,,0.814607797,1.255205254
06/12/2020,,,0.851263319,,1.640075327,,0.816838652,1.248382752
07/12/2020,,,0.837892766,,1.609314472,,0.823350289,1.24343186
08/12/2020,,,0.824465041,,1.580624021,,0.832804988,1.239857691
09/12/2020,,,0.811430979,,1.552722748,,0.844514874,1.237246513
10/12/2020,,,0.799197376,,1.52411048,,0.858833485,1.235233867
11/12/2020,,,0.787991208,,1.493681966,,0.877319152,1.233505187
12/12/2020,,,0.778024474,,1.461016349,,0.901755304,1.231752946
13/12/2020,,,0.769739945,,1.426183435,,0.933667774,1.229561675
14/12/2020,,,0.763783177,,1.390056371,,0.973053156,1.226550248
15/12/2020,,,0.760784042,,1.353707875,,1.017934171,1.222484218
16/12/2020,,,0.761295689,,1.318299883,,1.065238703,1.217423042
17/12/2020,,,0.765573987,,1.285108571,,1.112382009,1.211902938
18/12/2020,,,0.773462355,,1.255215747,,1.15834399,1.206318747
19/12/2020,,,0.784110028,,1.229108557,,1.202917642,1.200563073
20/12/2020,,,0.795970683,,1.207475152,,1.245915896,1.194163241
21/12/2020,,,0.80752435,,1.191317875,,1.286595604,1.186634589
22/12/2020,,,0.817460382,,1.18060845,,1.323188326,1.177609638
23/12/2020,,,0.824831757,,1.173796881,,1.352683573,1.166867124
24/12/2020,,,0.829452501,,1.168352548,,1.371236811,1.154215596
25/12/2020,,,0.832119456,,1.16192133,,1.375405901,1.139854477
26/12/2020,,,0.834435121,,1.153306365,,1.364122499,1.12445753
27/12/2020,,,0.838049275,,1.14200222,,1.339434392,1.108687225
28/12/2020,,,0.843601027,,1.127337889,,1.305645361,1.092578131
29/12/2020,,,0.850985787,,1.109132171,,1.267286943,1.075989698
30/12/2020,,,0.859529561,,1.087729926,,1.22791821,1.058936798
31/12/2020,,,0.86839932,,1.063915653,,1.189824946,1.041653981
01/01/2021,,,0.87664276,,1.038632714,,1.154201617,1.024560496
02/01/2021,,,0.883165068,,1.012831241,,1.121407178,1.008251847
03/01/2021,,,0.887304955,,0.987551198,,1.091090204,0.993686187
04/01/2021,,,0.889235343,,0.964083876,,1.062520454,0.982407644
05/01/2021,,,0.889992235,,0.943748857,,1.035391268,0.975959738
06/01/2021,,,0.891043465,,0.927401744,,1.010127283,0.975262933
07/01/2021,,,0.893392692,,0.915704921,,0.987576062,0.980273593
08/01/2021,,,0.89746951,,0.909153169,,0.968278129,0.99046914
09/01/2021,,,0.903420473,,0.907816939,,0.95243464,1.005124336
10/01/2021,,,0.910992178,,0.911031274,,0.939762974,1.023351205
11/01/2021,,,0.919722985,,0.917329711,,0.929430345,1.044108796
12/01/2021,,,0.92898025,,0.924944433,,0.920142225,1.066260858
13/01/2021,,,0.938133514,,0.93280951,,0.91037942,1.088722441
14/01/2021,,,0.946809454,,0.940298853,,0.898903565,1.110565145
15/01/2021,,,0.955031546,,0.947120218,,0.885496536,1.130536008
16/01/2021,,,0.963169841,,0.953311681,,0.870795684,1.147056509
17/01/2021,,,0.971630568,,0.95935402,,0.856087144,1.15873828
18/01/2021,,,0.98038984,,0.965599636,,0.842931435,1.165193364
19/01/2021,,,0.989024192,,0.972014038,,0.832656708,1.167970715
20/01/2021,,,0.996881328,,0.97822727,,0.825912008,1.169471401
21/01/2021,,,1.003388185,,0.983663559,,0.822867175,1.171484694
22/01/2021,,,1.008154105,,0.987562163,,0.823385519,1.174675806
23/01/2021,,,1.01075918,,0.989098022,,0.827049293,1.178699386
24/01/2021,,,1.011010221,,0.987382123,,0.833184033,1.182483499
25/01/2021,,,1.009141141,,0.981825523,,0.840969552,1.184378096
26/01/2021,,,1.005822537,,0.972236535,,0.849727252,1.181988038
27/01/2021,,,1.001977993,,0.958989591,,0.859249659,1.173290994
28/01/2021,,,0.998416209,,0.942929882,,0.869334099,1.157750315
29/01/2021,,,0.995719588,,0.925166229,,0.879418351,1.136410359
30/01/2021,,,0.994483906,,0.906857935,,0.888587382,1.111114215
31/01/2021,,,0.995099265,,0.88904596,,0.89585932,1.083541293
01/02/2021,,,0.997625491,,0.872722663,,0.900566058,1.054906672
02/02/2021,,,1.001950725,,0.858681584,,0.901896213,1.025938673
03/02/2021,,,1.007809292,,0.847612654,,0.899016044,0.996964008
04/02/2021,,,1.014797066,,0.840125905,,0.891574148,0.968035342
05/02/2021,,,1.022427558,,0.836533067,,0.879953201,0.939107734
06/02/2021,,,1.03020443,,0.836600435,,0.865204844,0.910430177
07/02/2021,,,1.037689378,,0.83943256,,0.848672464,0.882959338
08/02/2021,,,1.04449687,,0.84372177,,0.831503943,0.858159844
09/02/2021,,,1.050132173,,0.848409809,,0.815239011,0.837445199
10/02/2021,,,1.054100044,,0.852613089,,0.801730463,0.821465905
11/02/2021,,,1.056122847,,0.855697126,,0.792552295,0.81040335
12/02/2021,,,1.056289716,,0.856890854,,0.788587933,0.804181049
13/02/2021,,,1.054930416,,0.855145936,,0.789686933,0.802397764
14/02/2021,,,1.052390323,,0.849814887,,0.794145671,0.804222534
15/02/2021,,,1.048928425,,0.841134529,,0.799695122,0.808432067
16/02/2021,,,1.044730848,,0.830241806,,0.804639634,0.813834487
17/02/2021,,,1.039959557,,0.818662,,0.808595628,0.82000792
18/02/2021,,,1.034753078,,0.807507715,,0.812746059,0.826743912
19/02/2021,,,1.029188459,,0.797724078,,0.819580319,0.833556759
20/02/2021,,,1.023376953,,0.790361762,,0.832428987,0.839737784
21/02/2021,,,1.017530398,,0.786172416,,0.855434489,0.844656494
22/02/2021,,,1.011831043,,0.785439432,,0.891680128,0.847622546
23/02/2021,,,1.006351049,,0.788134452,,0.941719962,0.848129688
24/02/2021,,,1.001077764,,0.794077676,,1.00345972,0.846161884
25/02/2021,,,0.995928783,,0.802948588,,1.070669355,0.842307614
26/02/2021,,,0.990756482,,0.81418009,,1.130814381,0.837635783
27/02/2021,,,0.98539002,,0.826897748,,1.17234289,0.833275241
28/02/2021,,,0.979766091,,0.840023986,,1.191610073,0.829901914
01/03/2021,,,0.974124757,,0.852840354,,1.194250017,0.827986089
02/03/2021,,,0.969019516,,0.864666384,,1.191409408,0.827709181
03/03/2021,,,0.965118281,,0.874807662,,1.194082302,0.828903242
04/03/2021,,,0.962936295,,0.882719307,,1.211217864,0.831159428
05/03/2021,,,0.962668078,,0.888362529,,1.251018913,0.833738518
06/03/2021,,,0.964421466,,0.892345336,,1.315918281,0.835930119
07/03/2021,,,0.968184413,,0.895459407,,1.399930078,0.837442521
08/03/2021,,,0.973720712,,0.897685757,,1.490682643,0.838577905
09/03/2021,,,0.980536093,,0.898491268,,1.573341798,0.840162834
10/03/2021,,,0.987934812,,0.897282017,,1.636527001,0.843199028
11/03/2021,,,0.995189562,,0.893344481,,1.676313193,0.848409141
12/03/2021,,,1.001707368,,0.885867219,,1.695629251,0.856255896
13/03/2021,,,1.006840034,,0.874530076,,1.700704767,0.866642909
14/03/2021,,,1.010046326,,0.859777792,,1.697228058,0.87887295
15/03/2021,,,1.011139437,,0.842734281,,1.688018382,0.892091151
16/03/2021,,,1.01009296,,0.824827977,,1.673490643,0.905492827
17/03/2021,,,1.006970441,,0.807310449,,1.652753989,0.91846808
18/03/2021,,,1.002035345,,0.791454999,,1.624905009,0.9308181
19/03/2021,,,0.995770832,,0.778525675,,1.590409581,0.94284705
20/03/2021,,,0.988806504,,0.76940777,,1.551291733,0.955240725
21/03/2021,,,0.981769482,,0.764516669,,1.509514677,0.968632077
22/03/2021,,,0.975124115,,0.764019027,,1.466987214,0.982912513
23/03/2021,,,0.969393122,,0.767898982,,1.425688937,0.997182691
24/03/2021,,,0.965179254,,0.775834491,,1.3875024,1.010073424
25/03/2021,,,0.962922249,,0.787113655,,1.353866345,1.020195188
26/03/2021,,,0.962714363,,0.800857336,,1.325320178,1.026756141
27/03/2021,,,0.96442295,,0.816095005,,1.301452106,1.029684344
28/03/2021,,,0.967816589,,0.832327638,,1.281762673,1.02929788
29/03/2021,,,0.972612743,,0.848746545,,1.265727338,1.02621869
30/03/2021,,,0.978486743,,0.864112718,,1.252730432,1.021307238
31/03/2021,,,0.985076667,,0.877508811,,1.242107285,1.015550092
01/04/2021,,,0.992023476,,0.889084886,,1.233215496,1.009834915
02/04/2021,,,0.999036888,,0.900133135,,1.225544875,1.004581473
03/04/2021,,,1.005753926,,0.912121044,,1.218765561,0.999796293
04/04/2021,,,1.011728653,,0.925080566,,1.212706631,0.995477737
05/04/2021,,,1.016635294,,0.938248573,,1.207302255,0.99169871
06/04/2021,,,1.020302668,,0.951069414,,1.202521762,0.988550631
07/04/2021,,,1.02265328,,0.962914898,,1.198299436,0.986088312
08/04/2021,,,1.023767218,,0.973106133,,1.194506473,0.984377007
09/04/2021,,,1.023914839,,0.981295093,,1.190928788,0.983413022
10/04/2021,,,1.023518773,,0.987783792,,1.187308186,0.983068262
11/04/2021,,,1.023022309,,0.993451847,,1.18342664,0.983092201
12/04/2021,,,1.02266581,,0.999150756,,1.17918696,0.983170235
13/04/2021,,,1.022499999,,1.004846577,,1.174796466,0.983038558
14/04/2021,,,1.022524263,,1.010072857,,1.171000151,0.982550751
15/04/2021,,,1.022707875,,1.014501552,,1.168415419,0.981607099
16/04/2021,,,1.022624364,,1.017995905,,1.167111513,0.980190918
17/04/2021,,,1.020698375,,1.020584342,,1.166589618,0.978375421
18/04/2021,,,1.015488495,,1.022346468,,1.165986061,0.97625137
19/04/2021,,,1.006693815,,1.02342354,,1.164352596,0.973829668
20/04/2021,,,0.995322947,,1.024030897,,1.160783514,0.971093426
21/04/2021,,,0.983324184,,1.024344422,,1.154360524,0.968051506
22/04/2021,,,0.972975105,,1.02426649,,1.144674364,0.964757943
23/04/2021,,,0.966717761,,1.023530317,,1.132046289,0.961311828
24/04/2021,,,0.967624651,,1.021849732,,1.117327477,0.957858478
25/04/2021,,,0.977993196,,1.018975715,,1.101399428,0.954629188
26/04/2021,,,0.998333447,,1.014771693,,1.08489234,0.95198399
27/04/2021,,,1.026938192,,1.009391844,,1.068158882,0.950283563
28/04/2021,,,1.060079668,,1.003267207,,1.051335012,0.949750719
29/04/2021,,,1.094137169,,0.996988776,,1.034443314,0.950404522
30/04/2021,,,1.127103705,,0.991170023,,1.017531319,0.952174112
01/05/2021,,,1.158826934,,0.986347973,,1.000849354,0.954938493
02/05/2021,,,1.190210266,,0.983043368,,0.985079499,0.958527353
03/05/2021,,,1.22190419,,0.981649011,,0.971281395,0.962724531
04/05/2021,,,1.253636149,,0.98247128,,0.960551354,0.967284155
05/05/2021,,,1.284324082,,0.985730477,,0.953526026,0.971965837
06/05/2021,,,1.3119084,,0.991375043,,0.950313248,0.976555032
07/05/2021,,,1.334755897,,0.998978868,,0.95088097,0.980752289
08/05/2021,,,1.352380169,,1.007746325,,0.954911815,0.984199529
09/05/2021,,,1.364885993,,1.016669788,,0.961665259,0.986607235
10/05/2021,,,1.372782144,,1.024815953,,0.970009993,0.987955101
11/05/2021,,,1.376917813,,1.031346097,,0.978677574,0.988561233
12/05/2021,,,1.37824091,,1.035741903,,0.986744666,0.988816853
13/05/2021,,,1.377248694,,1.03770384,,0.993687196,0.988996484
14/05/2021,,,1.373278066,,1.037134025,,0.998924421,0.989198601
15/05/2021,,,1.364880336,,1.034275943,,1.001950578,0.989357272
16/05/2021,,,1.351074052,,1.029759374,,1.002540753,0.989261187
17/05/2021,,,1.332114687,,1.024490098,,1.000845995,0.988510134
18/05/2021,,,1.309506811,,1.019356196,,0.997171187,0.986558427
19/05/2021,,,1.285155597,,1.014856976,,0.991651612,0.983037466
20/05/2021,,,1.260652663,,1.011294485,,0.984372219,0.977919408
21/05/2021,,,1.2370555,,1.00881321,,0.975523673,0.97145841
22/05/2021,,,1.214975656,,1.007142123,,0.96545117,0.964062231
23/05/2021,,,1.194720195,,1.005746004,,0.954607958,0.95611486
24/05/2021,,,1.176324772,,1.004324887,,0.943483401,0.947834882
25/05/2021,,,1.159572394,,1.002966475,,0.932742227,0.939229993
26/05/2021,,,1.144306549,,1.002025042,,0.923418021,0.930133286
27/05/2021,,,1.130562194,,1.001914979,,0.916617546,0.920318667
28/05/2021,,,1.118473438,,1.00301028,,0.913128697,0.909683246
29/05/2021,,,1.108704719,,1.005783786,,0.913140819,0.89835805
30/05/2021,,,1.101906557,,1.010734008,,0.916365585,0.886760714
31/05/2021,,,1.098085068,,1.018231647,,0.922202253,0.875504279
01/06/2021,,,1.096468178,,1.028380149,,0.929953394,0.865087892
02/06/2021,,,1.095744077,,1.04078853,,0.938972848,0.85552546
03/06/2021,,,1.094544046,,1.054636431,,0.94876401,0.84648156
04/06/2021,,,1.091886451,,1.068852919,,0.959074899,0.837541
05/06/2021,,,1.086878287,,1.082288716,,0.969927453,0.828337306
06/06/2021,,,1.079040409,,1.093812746,,0.981304559,0.818589956
07/06/2021,,,1.068574868,,1.102319435,,0.992937842,0.808170373
08/06/2021,,,1.056165012,,1.107104998,,1.004236179,0.797329349
09/06/2021,,,1.042653955,,1.107495173,,1.014511464,0.786993244
10/06/2021,,,1.028705673,,1.102974318,,1.023379207,0.778423527
11/06/2021,,,1.014626887,,1.093838663,,1.031009708,0.772684278
12/06/2021,,,1.000389925,,1.081337007,,1.037878988,0.770334417
13/06/2021,,,0.985794207,,1.067368306,,1.044464197,0.771253053
14/06/2021,,,0.970728077,,1.053880403,,1.051076961,0.774697211
15/06/2021,,,0.955435567,,1.042266674,,1.057767085,0.77992548
16/06/2021,,,0.940560685,,1.033740935,,1.064202622,0.786678747
17/06/2021,,,0.926944447,,1.029156644,,1.069571631,0.795359943
18/06/2021,,,0.915141737,,1.028560262,,1.072687674,0.806923344
19/06/2021,,,0.905374911,,1.031382802,,1.072528572,0.822483048
20/06/2021,,,0.897629969,,1.036904091,,1.068681259,0.842941589
21/06/2021,,,0.89166316,,1.044472021,,1.061464915,0.868585001
22/06/2021,,,0.886975198,,1.053508832,,1.05165114,0.898334904
23/06/2021,,,0.882866419,,1.063500984,,1.040088363,0.92991375
24/06/2021,,,0.878713506,,1.074103297,,1.027436426,0.961203847
25/06/2021,,,0.874470051,,1.085140986,,1.01407161,0.99103214
26/06/2021,,,0.870576569,,1.096455987,,1.000113241,1.019036778
27/06/2021,,,0.867612193,,1.106509798,,0.98550981,1.04548713
28/06/2021,,,0.866001662,,1.11331527,,0.97016506,1.071054499
29/06/2021,,,0.865876923,,1.11641935,,0.954201441,1.096404519
30/06/2021,,,0.867185576,,1.117326782,,0.938144976,1.121437476
01/07/2021,,,0.869814916,,1.118657383,,0.922884924,1.144292187
02/07/2021,,,0.873655677,,1.122792889,,0.909350554,1.161799479
03/07/2021,,,0.878611638,,1.130890302,,0.898055445,1.171108242
04/07/2021,,,0.884570102,,1.143800429,,0.889086426,1.170987504
05/07/2021,,,0.89135514,,1.162131018,,0.881813456,1.161892047
06/07/2021,,,0.898677704,,1.186388779,,0.875166862,1.144069583
07/07/2021,,,0.905989405,,1.216306818,,0.867998038,1.118174798
08/07/2021,,,0.912542307,,1.249856747,,0.859387397,1.0858938
09/07/2021,,,0.917742478,,1.283589472,,0.84900374,1.049832853
10/07/2021,,,0.921161002,,1.313535424,,0.837440086,1.013006835
11/07/2021,,,0.922425869,,1.336080572,,0.825925517,0.978178467
12/07/2021,,,0.921452535,,1.348456582,,0.816343946,0.947706531
13/07/2021,,,0.918584129,,1.348816662,,0.810621356,0.924825991
14/07/2021,,,0.914555607,,1.337444704,,0.81010524,0.912761589
15/07/2021,,,0.910244368,,1.316196885,,0.815239174,0.913529854
16/07/2021,,,0.906211316,,1.287701125,,0.825850771,0.926693839
17/07/2021,,,0.902744201,,1.254954338,,0.841454062,0.948767982
18/07/2021,,,0.900104002,,1.220989677,,0.861414268,0.975471892
19/07/2021,,,0.898426393,,1.188584516,,0.885045014,1.003699969
20/07/2021,,,0.897587148,,1.159828691,,0.911653541,1.032378692
21/07/2021,,,0.896991497,,1.1356352,,0.940539012,1.062344621
22/07/2021,,,0.895964769,,1.116371077,,0.970854414,1.095561807
23/07/2021,,,0.894134729,,1.101937439,,1.001034659,1.134457066
24/07/2021,,,0.891585866,,1.092692851,,1.028707427,1.18107825
25/07/2021,,,0.888819307,,1.089127258,,1.05131337,1.234400613
26/07/2021,,,0.886562048,,1.090913122,,1.067199997,1.289873497
27/07/2021,,,0.885631903,,1.096563825,,1.076133035,1.341544711
28/07/2021,,,0.887030212,,1.103714416,,1.078912375,1.383349988
29/07/2021,,,0.891473947,,1.109930291,,1.076981109,1.411535322
30/07/2021,,,0.899109511,,1.113621917,,1.072062463,1.426344881
31/07/2021,,,0.909504313,,1.113592166,,1.065856733,1.43135374
01/08/2021,,,0.921766143,,1.109256814,,1.059692977,1.431492088
02/08/2021,,,0.935002629,,1.10078515,,1.054040044,1.430872861
03/08/2021,,,0.948673943,,1.08891873,,1.048554019,1.431211003
04/08/2021,,,0.962697082,,1.074728203,,1.042712818,1.432423903
05/08/2021,,,0.977293981,,1.059367061,,1.036205294,1.433068123
06/08/2021,,,0.992613132,,1.043921643,,1.029043598,1.431016054
07/08/2021,,,1.008424876,,1.02930489,,1.021439352,1.424817252
08/08/2021,,,1.024119748,,1.016163673,,1.013687204,1.414228807
09/08/2021,,,1.038806958,,1.005016148,,1.005946311,1.399773113
10/08/2021,,,1.051869956,,0.996108651,,0.998176993,1.382715554
11/08/2021,,,1.063116061,,0.989820302,,0.990179425,1.364803399
12/08/2021,,,1.072548581,,0.986535829,,0.981684584,1.347836333
13/08/2021,,,1.080320086,,0.986220683,,0.97250283,1.333158945
14/08/2021,,,1.086748173,,0.988209526,,0.962701873,1.321117182
15/08/2021,,,1.092250078,,0.991287762,,0.952637383,1.311115104
16/08/2021,,,1.097079259,,0.99410903,,0.942996278,1.302212014
17/08/2021,,,1.100886279,,0.995783133,,0.934633165,1.293409856
18/08/2021,,,1.102875439,,0.995642278,,0.928273964,1.283987296
19/08/2021,,,1.102378067,,0.993254012,,0.92421902,1.274087329
20/08/2021,,,1.099209326,,0.987983567,,0.922240294,1.264883734
21/08/2021,,,1.093689545,,0.979325113,,0.921553806,1.257396567
22/08/2021,,,1.086304519,,0.967466935,,0.921261431,1.251869887
23/08/2021,,,1.077517631,,0.953364845,,0.920682155,1.247796945
24/08/2021,,,1.067722152,,0.938496309,,0.919530759,1.244217514
25/08/2021,,,1.057268686,,0.92446959,,0.918030755,1.240016623
26/08/2021,,,1.046507861,,0.912727834,,0.916939925,1.233907049
27/08/2021,,,1.035798048,,0.904902154,,0.917370211,1.224484137
28/08/2021,,,1.025529034,,0.902299942,,0.920598353,1.211065059
29/08/2021,,,1.016260148,,0.906174802,,0.927470807,1.194017247
30/08/2021,,,1.008566794,,0.917364986,,0.938111051,1.174589842
31/08/2021,,,1.002755685,,0.93560401,,0.95200257,1.154455493
01/09/2021,,,0.999054108,,0.959286911,,0.968256121,1.134929373
02/09/2021,,,0.997549492,,0.985669869,,0.985964306,1.116614468
03/09/2021,,,0.998020431,,1.01154715,,1.004462241,1.099458932
04/09/2021,,,0.99989527,,1.034114167,,1.023418073,1.083007968
05/09/2021,,,1.002364828,,1.050738554,,1.042742838,1.066720613
06/09/2021,,,1.004667081,,1.059879624,,1.062324312,1.05019272
07/09/2021,,,1.006405087,,1.061212112,,1.08168022,1.033288737
08/09/2021,,,1.007311852,,1.05529616,,1.099811826,1.016392363
09/09/2021,,,1.007218365,,1.043345613,,1.115336775,1.000232009
10/09/2021,,,1.00612,,1.027053709,,1.126955327,0.985331894
11/09/2021,,,1.004013566,,1.008424005,,1.134107304,0.971891928
12/09/2021,,,1.000542257,,0.989386614,,1.136913735,0.959854578
13/09/2021,,,0.995385466,,0.971203018,,1.135876157,0.948897747
14/09/2021,,,0.988584613,,0.954730361,,1.131876489,0.938456565
15/09/2021,,,0.980607867,,0.940348231,,1.126101403,0.927850344
16/09/2021,,,0.972240641,,0.92830164,,1.119841711,0.91661588
17/09/2021,,,0.96439903,,0.918848778,,1.114163484,0.905009862
18/09/2021,,,0.95811571,,0.912083972,,1.109509285,0.893935791
19/09/2021,,,0.954721088,,0.907683296,,1.105893599,0.884536588
20/09/2021,,,0.955272041,,0.904826025,,1.103247689,0.877769988
21/09/2021,,,0.960085538,,0.902533725,,1.101451246,0.874063739
22/09/2021,,,0.968695038,,0.900397818,,1.100335056,0.873579369
23/09/2021,,,0.980177521,,0.898393897,,1.099704509,0.876290034
24/09/2021,,,0.993579447,,0.896456018,,1.099466967,0.881917926
25/09/2021,,,1.00816434,,0.893554802,,1.099837167,0.889902064
26/09/2021,,,1.023477431,,0.888520746,,1.101061657,0.899462191
27/09/2021,,,1.039268712,,0.881146056,,1.103177861,0.909822607
28/09/2021,,,1.055325097,,0.872442745,,1.105947171,0.920460421
29/09/2021,,,1.071249461,,0.864238846,,1.108911429,0.930709868
30/09/2021,,,1.086274109,,0.858487582,,1.111508525,0.939679981
01/10/2021,,,1.099424657,,0.856867378,,1.113116338,0.946501635
02/10/2021,,,1.108645356,,0.861536007,,1.112998796,0.950714112
03/10/2021,,,1.1081692,,0.874487252,,1.110626099,0.952206718
04/10/2021,,,1.09354781,,0.897251761,,1.105916902,0.951083375
05/10/2021,,,1.065202248,,0.930449796,,1.099143272,0.947705934
06/10/2021,,,1.028321763,,0.973343894,,1.089222326,0.942692691
07/10/2021,,,0.990779466,,1.023759423,,1.074176773,0.936831418
08/10/2021,,,0.960619038,,1.078133441,,1.053080735,0.930869596
09/10/2021,,,0.945530759,,1.131764875,,1.026791871,0.925197289
10/10/2021,,,0.955056727,,1.179274741,,0.997690538,0.920002908
11/10/2021,,,0.996296762,,1.215485458,,0.968972511,0.915481874
12/10/2021,,,1.070135319,,1.238030529,,0.94399167,0.911803633
13/10/2021,,,1.165658491,,1.247603456,,0.927261916,0.90904006
14/10/2021,,,1.262459199,,1.246406632,,0.923834852,0.907000627
15/10/2021,,,1.34498426,,1.237103259,,0.937259335,0.905275328
16/10/2021,,,1.410691747,,1.222482912,,0.968344129,0.903512633
17/10/2021,,,1.467891301,,1.205266664,,1.014236485,0.901573277
18/10/2021,,,1.527255003,,1.187512004,,1.067628878,0.899552285
19/10/2021,,,1.593859622,,1.169687319,,1.120521511,0.897725993
20/10/2021,,,1.666931437,,1.151363265,,1.167882004,0.896480113
21/10/2021,,,1.740217808,,1.132222936,,1.209074377,0.896369503
22/10/2021,,,1.802217699,,1.112290857,,1.246899109,0.89799205
23/10/2021,,,1.844715463,,1.091925004,,1.285117787,0.901651501
24/10/2021,,,1.868093135,,1.071668129,,1.32632027,0.907247255
25/10/2021,,,1.875822871,,1.05204573,,1.371455694,0.914461084
26/10/2021,,,1.871102346,,1.033492236,,1.417947118,0.923036705
27/10/2021,,,1.856254242,,1.016427207,,1.460530675,0.932815606
28/10/2021,,,1.832835806,,1.001448111,,1.494295608,0.943708554
29/10/2021,,,1.801409985,,0.989317057,,1.516067463,0.955652986
30/10/2021,,,1.760842942,,0.980426151,,1.525685339,0.968544004
31/10/2021,,,1.709133915,,0.974942995,,1.525686501,0.982105323
01/11/2021,,,1.646653417,,0.972833935,,1.519913504,0.99566846
02/11/2021,,,1.577203897,,0.973712233,,1.51198527,1.0080623
03/11/2021,,,1.506879874,,0.976744628,,1.504012963,1.01795342
04/11/2021,,,1.441826775,,0.980734074,,1.495904624,1.024351319
05/11/2021,,,1.385528644,,0.984506097,,1.486269052,1.027084144
06/11/2021,,,1.338578718,,0.987494934,,1.473170304,1.026654129
07/11/2021,,,1.299706192,,0.989483966,,1.455079443,1.023819431
08/11/2021,,,1.266802668,,0.990426214,,1.431720555,1.019343995
09/11/2021,,,1.23747872,,0.990233038,,1.404365637,1.013893942
10/11/2021,,,1.209304013,,0.988802491,,1.375546068,1.007984272
11/11/2021,,,1.180247264,,0.986143554,,1.348618947,1.001875956
12/11/2021,,,1.149643962,,0.982462868,,1.325939314,0.995411727
13/11/2021,,,1.117882095,,0.978188265,,1.308208769,0.988282921
14/11/2021,,,1.085855449,,0.973893725,,1.294683681,0.980401794
15/11/2021,,,1.054524096,,0.970154774,,1.283620074,0.971963872
16/11/2021,,,1.024455317,,0.967534245,,1.27280189,0.963232108
17/11/2021,,,0.995605491,,0.966314232,,1.260030532,0.954362602
18/11/2021,,,0.967398958,,0.966508181,,1.243391505,0.945409705
19/11/2021,,,0.939161087,,0.968019805,,1.222235221,0.936329723
20/11/2021,,,0.910857115,,0.970689923,,1.197305067,0.92699073
21/11/2021,,,0.883325598,,0.974270956,,1.170231878,0.917221344
22/11/2021,,,0.857967482,,0.978415958,,1.143078336,0.906946049
23/11/2021,,,0.836095917,,0.982776384,,1.117470782,0.896423685
24/11/2021,,,0.818362898,,0.987206689,,1.094085188,0.886318147
25/11/2021,,,0.80520607,,0.991688228,,1.072663531,0.877476049
26/11/2021,,,0.796909336,,0.996324836,,1.052327344,0.870615645
27/11/2021,,,0.79341901,,1.001548838,,1.03204291,0.865954606
28/11/2021,,,0.794130111,,1.007698502,,1.011081388,0.86316086
29/11/2021,,,0.797855394,,1.014711686,,0.989102964,0.861701552
30/11/2021,,,0.803303043,,1.022137182,,0.966419037,0.861091439
01/12/2021,,,0.809670699,,1.02929565,,0.943914804,0.860999999
02/12/2021,,,0.816007232,,1.035438778,,0.922438354,0.861296538
03/12/2021,,,0.821192875,,1.039737063,,0.902501973,0.862128574
04/12/2021,,,0.824345896,,1.041225491,,0.884032946,0.864089504
05/12/2021,,,0.824573366,,1.039392722,,0.866385535,0.868056849
06/12/2021,,,0.82113152,,1.034188248,,0.848475083,0.874615361
07/12/2021,,,0.813803756,,1.025906232,,0.828965587,0.883762091
08/12/2021,,,0.803082361,,1.015104156,,0.806649085,0.895052993
09/12/2021,,,0.790067392,,1.002517273,,0.781129349,0.907885783
10/12/2021,,,0.775997118,,0.988999172,,0.752976206,0.921687306
11/12/2021,,,0.761601173,,0.975415661,,0.723688691,0.936111088
12/12/2021,,,0.747535975,,0.96250484,,0.695229731,0.951131487
13/12/2021,,,0.734400185,,0.950978909,,0.669352022,0.966994264
14/12/2021,,,0.722507813,,0.941143891,,0.646979233,0.983970457
15/12/2021,,,0.711694572,,0.932750912,,0.628370499,1.001891299
16/12/2021,,,0.701086128,,0.925545003,,0.613104323,1.019869957
17/12/2021,,,0.689679269,,0.919522251,,0.600335653,1.036451077
18/12/2021,,,0.67691973,,0.914836956,,0.589077576,1.050022571
19/12/2021,,,0.662967387,,0.911612746,,0.578499122,1.059475274
20/12/2021,,,0.648644107,,0.909943516,,0.568438115,1.063817244
21/12/2021,,,0.63507048,,0.910293531,,0.559975802,1.061616116
22/12/2021,,,0.623379767,,0.913529544,,0.554600556,1.052395802
23/12/2021,,,0.614849909,,0.920155321,,0.553612762,1.037308092
24/12/2021,,,0.61025957,,0.929874924,,0.557156231,1.018905578
25/12/2021,,,0.60992714,,0.942150513,,0.563902474,1.00039337
26/12/2021,,,0.61355856,,0.956678827,,0.571946116,0.984656019
27/12/2021,,,0.620469444,,0.973472838,,0.578581185,0.97440882
28/12/2021,,,0.630411915,,0.992575317,,0.580949401,0.972667765
29/12/2021,,,0.644444854,,1.013653725,,0.577564712,0.981426944
30/12/2021,,,0.665336397,,1.035842649,,0.569654842,1.000859745
31/12/2021,,,0.696675737,,1.058133288,,0.561611736,1.028456638
01/01/2022,,,0.740135809,,1.080116415,,0.55954769,1.058204149
02/01/2022,,,0.793887232,,1.102521714,,0.567704977,1.084766714
03/01/2022,,,0.852094131,,1.125608117,,0.588229781,1.106605784
04/01/2022,,,0.906486368,,1.148451357,,0.620466161,1.126308911
05/01/2022,,,0.950196152,,1.169346426,,0.659987551,1.148870444
06/01/2022,,,0.978341873,,1.186504656,,0.700119005,1.179135231
07/01/2022,,,0.988900273,,1.198385726,,0.734397095,1.220361729
08/01/2022,,,0.983429934,,1.203205161,,0.756792222,1.274139015
09/01/2022,,,0.966614087,,1.199043076,,0.764010178,1.337499944
10/01/2022,,,0.944791048,,1.185574093,,0.757277113,1.403040247
11/01/2022,,,0.923497452,,1.163536833,,0.742441537,1.463291203
12/01/2022,,,0.904946685,,1.134461953,,0.727986579,1.514936426
13/01/2022,,,0.890079437,,1.100452144,,0.720439656,1.557231429
14/01/2022,,,0.879494272,,1.063864724,,0.721407455,1.590183786
15/01/2022,,,0.873322027,,1.027087203,,0.730346479,1.613769209
16/01/2022,,,0.871061659,,0.992272173,,0.744826339,1.627727085
17/01/2022,,,0.871754169,,0.961156751,,0.761120572,1.631372121
18/01/2022,,,0.874521673,,0.935514482,,0.775859088,1.623093154
19/01/2022,,,0.87887822,,0.916394059,,0.785907289,1.600727741
20/01/2022,,,0.884781205,,0.904716021,,0.788319987,1.56403043
21/01/2022,,,0.892511337,,0.901060864,,0.781685003,1.515747457
22/01/2022,,,0.902487378,,0.905092659,,0.76708493,1.461304072
23/01/2022,,,0.915138536,,0.915203753,,0.747983805,1.406651632
24/01/2022,,,0.930592258,,0.928603807,,0.728703837,1.355896267
25/01/2022,,,0.948324029,,0.94219888,,0.711846057,1.31089636
26/01/2022,,,0.967354541,,0.953946635,,0.699040927,1.271860079
27/01/2022,,,0.986177896,,0.962282933,,0.692118731,1.238024495
28/01/2022,,,1.003460349,,0.966222945,,0.692446059,1.208049716
29/01/2022,,,1.018736727,,0.965066168,,0.700428229,1.180072598
30/01/2022,,,1.03260733,,0.958575207,,0.715743205,1.152346562
31/01/2022,,,1.046411727,,0.947157082,,0.737231546,1.124243635
01/02/2022,,,1.061425594,,0.931841978,,0.763403033,1.096218059
02/02/2022,,,1.078029429,,0.914135056,,0.793460913,1.069042258
03/02/2022,,,1.095875096,,0.895701063,,0.828066171,1.043475389
04/02/2022,,,1.113880217,,0.878057625,,0.869363075,1.019961104
05/02/2022,,,1.130727784,,0.862816632,,0.919767692,0.998360595
06/02/2022,,,1.145701283,,0.851051312,,0.97963078,0.977919459
07/02/2022,,,1.159014856,,0.843428767,,1.046370054,0.957464362
08/02/2022,,,1.171147229,,0.840349416,,1.114253799,0.935886846
09/02/2022,,,1.18238389,,0.841832986,,1.175413655,0.912834609
10/02/2022,,,1.192689371,,0.847355716,,1.222786276,0.888771656
11/02/2022,,,1.201675786,,0.855777512,,1.25321857,0.864829703
12/02/2022,,,1.20846208,,0.865646018,,1.266781828,0.842455749
13/02/2022,,,1.21158862,,0.8758987,,1.266099829,0.822678064
14/02/2022,,,1.209429477,,0.885632949,,1.255594606,0.805760679
15/02/2022,,,1.201272016,,0.894023758,,1.240407268,0.7915444
16/02/2022,,,1.187426942,,0.899877883,,1.225204491,0.779552215
17/02/2022,,,1.167936704,,0.902226395,,1.212889074,0.768972875
18/02/2022,,,1.143246048,,0.900941476,,1.203815507,0.758673842
19/02/2022,,,1.114668871,,0.896919111,,1.197390786,0.747478706
20/02/2022,,,1.08421143,,0.891819978,,1.192782988,0.734951858
21/02/2022,,,1.054134038,,0.887423442,,1.189133819,0.721716994
22/02/2022,,,1.026487577,,0.8850105,,1.185810105,0.708744337
23/02/2022,,,1.003120142,,0.885823925,,1.182298079,0.696836676
24/02/2022,,,0.986558662,,0.890892425,,1.177917098,0.686363719
25/02/2022,,,0.979112921,,0.901177828,,1.172305367,0.677118091
26/02/2022,,,0.98183379,,0.91701182,,1.165704243,0.668374922
27/02/2022,,,0.993941499,,0.937790491,,1.158879626,0.659370026
28/02/2022,,,1.013138136,,0.962061209,,1.152808594,0.649695699
01/03/2022,,,1.036864824,,0.987766784,,1.148269156,0.639514513
02/03/2022,,,1.063157674,,1.01253349,,1.145780108,0.629575985
03/03/2022,,,1.090827949,,1.033713099,,1.145806074,0.620982362
04/03/2022,,,1.119205442,,1.048505366,,1.148427111,0.614952705
05/03/2022,,,1.147784969,,1.055204211,,1.153205272,0.612454049
06/03/2022,,,1.176045904,,1.052670011,,1.159361825,0.613399924
07/03/2022,,,1.203154454,,1.040803923,,1.16586695,0.616525863
08/03/2022,,,1.227697267,,1.020899305,,1.171408363,0.620173768
09/03/2022,,,1.248433164,,0.995454478,,1.175006164,0.622189219
10/03/2022,,,1.264550882,,0.967673716,,1.176409413,0.620608478
11/03/2022,,,1.275786127,,0.940680991,,1.176075897,0.61472754
12/03/2022,,,1.282582154,,0.916897302,,1.17485509,0.605890568
13/03/2022,,,1.286034452,,0.898714614,,1.173534562,0.597595082
14/03/2022,,,1.287524031,,0.88775587,,1.172666771,0.594239087
15/03/2022,,,1.288042619,,0.885390848,,1.172699345,0.598583655
16/03/2022,,,1.287517279,,0.892367231,,1.173712771,0.611645814
17/03/2022,,,1.285135941,,0.908244948,,1.175393463,0.632134613
18/03/2022,,,1.279994185,,0.931112335,,1.177260691,0.656552285
19/03/2022,,,1.271665749,,0.957714352,,1.17841982,0.681061924
20/03/2022,,,1.260834754,,0.984312891,,1.177893267,0.701633121
21/03/2022,,,1.249347295,,1.007846679,,1.175324425,0.715075524
22/03/2022,,,1.238700161,,1.025583923,,1.171177283,0.720654236
23/03/2022,,,1.229320776,,1.035880322,,1.166514508,0.721027475
24/03/2022,,,1.220710119,,1.037703654,,1.162545849,0.72183674
25/03/2022,,,1.211923679,,1.030932874,,1.160173354,0.729127877
26/03/2022,,,1.202010164,,1.016631878,,1.160139261,0.745108239
27/03/2022,,,1.19000314,,0.996941799,,1.162894554,0.768729188
28/03/2022,,,1.174903186,,0.974696786,,1.168243244,0.796420032
29/03/2022,,,1.156496502,,0.952706521,,1.175401731,0.823222266
30/03/2022,,,1.135429933,,0.933101901,,1.183600838,0.844939626
31/03/2022,,,1.112616829,,0.917856723,,1.192910414,0.857915186
01/04/2022,,,1.088823487,,0.908129875,,1.203559427,0.859901482
02/04/2022,,,1.064556177,,0.904547097,,1.215333945,0.851144496
03/04/2022,,,1.040038263,,0.90734533,,1.227439709,0.834574295
04/04/2022,,,1.015288987,,0.916226203,,1.238649819,0.814989467
05/04/2022,,,0.990338845,,0.930163962,,1.247537757,0.797103686
06/04/2022,,,0.965573374,,0.947356648,,1.252531579,0.783277636
07/04/2022,,,0.942085131,,0.965687842,,1.251827508,0.775056034
08/04/2022,,,0.921550282,,0.983555332,,1.244323988,0.773407132
09/04/2022,,,0.905547815,,0.999650124,,1.230233304,0.778434972
10/04/2022,,,0.894787752,,1.012927749,,1.211033149,0.789590306
11/04/2022,,,0.889480271,,1.021934839,,1.188647376,0.805766116
12/04/2022,,,0.889491501,,1.025823036,,1.164743766,0.825738644
13/04/2022,,,0.894218355,,1.025142113,,1.140511017,0.848787676
14/04/2022,,,0.902504386,,1.021822538,,1.1166796,0.875056313
15/04/2022,,,0.912753642,,1.018520288,,1.093616056,0.905474042
16/04/2022,,,0.92344231,,1.017582878,,1.071410629,0.941039801
17/04/2022,,,0.93384662,,1.020380619,,1.049994854,0.981533733
18/04/2022,,,0.943490768,,1.028038923,,1.029563532,1.025012404
19/04/2022,,,0.951863073,,1.041492983,,1.010823173,1.067795815
20/04/2022,,,0.958599594,,1.062272075,,0.994823272,1.105372228
21/04/2022,,,0.963298017,,1.09081464,,0.982502841,1.134369348
22/04/2022,,,0.965415994,,1.12543985,,0.974185519,1.152892582
23/04/2022,,,0.964756516,,1.162537958,,0.969684963,1.160244139
24/04/2022,,,0.961727703,,1.197495538,,0.968267511,1.157649893
25/04/2022,,,0.957297491,,1.225875266,,0.968876114,1.14817253
26/04/2022,,,0.952696391,,1.24391282,,0.970366047,1.135913651
27/04/2022,,,0.948958302,,1.24866598,,0.971745219,1.12480547
28/04/2022,,,0.947013266,,1.240127351,,0.97250779,1.117210267
29/04/2022,,,0.947796053,,1.220485972,,0.972930375,1.114242071
30/04/2022,,,0.951811226,,1.192713816,,0.973689848,1.116467133
01/05/2022,,,0.959090758,,1.159757445,,0.975635831,1.123546186
02/05/2022,,,0.969573704,,1.124270987,,0.979393774,1.134302206
03/05/2022,,,0.983028664,,1.088617559,,0.985142983,1.146728112
04/05/2022,,,0.998973081,,1.0546382,,0.992626313,1.158122707
05/05/2022,,,1.016684312,,1.02331652,,1.001277392,1.16660164
06/05/2022,,,1.035253575,,0.995229486,,1.010464867,1.171861686
07/05/2022,,,1.053628175,,0.970317541,,1.019707105,1.175020538
08/05/2022,,,1.070511712,,0.948215925,,1.028765628,1.177915221
09/05/2022,,,1.08417763,,0.928751709,,1.037623933,1.182205569
10/05/2022,,,1.09305768,,0.911893865,,1.046370184,1.189041628
11/05/2022,,,1.096489883,,0.897432593,,1.055021733,1.199108064
12/05/2022,,,1.094893891,,0.88483184,,1.063422687,1.211923181
13/05/2022,,,1.089242264,,0.873692316,,1.071194624,1.225968267
14/05/2022,,,1.080613929,,0.864697766,,1.077833202,1.23941761
15/05/2022,,,1.069992759,,0.859197636,,1.082974954,1.250459658
16/05/2022,,,1.058232948,,0.858231549,,1.086563042,1.258135348
17/05/2022,,,1.04603538,,0.86250476,,1.088950593,1.262708433
18/05/2022,,,1.033802287,,0.872323847,,1.090657423,1.265388852
19/05/2022,,,1.021682667,,0.887480893,,1.092138321,1.267702445
20/05/2022,,,1.00993015,,0.907151293,,1.093668038,1.270742203
21/05/2022,,,0.998953206,,0.929836973,,1.095275613,1.274673
22/05/2022,,,0.989085582,,0.953592842,,1.09667365,1.278998467
23/05/2022,,,0.980680965,,0.976394243,,1.097333958,1.282673609
24/05/2022,,,0.973942679,,0.99626698,,1.096586135,1.284550869
25/05/2022,,,0.968714268,,1.011944307,,1.093951178,1.284166862
26/05/2022,,,0.964431518,,1.022441769,,1.089352234,1.281937582
27/05/2022,,,0.960258088,,1.027348126,,1.083098614,1.278551791
28/05/2022,,,0.955436369,,1.027207458,,1.075728422,1.274597579
29/05/2022,,,0.949693343,,1.023572142,,1.067847877,1.270448901
30/05/2022,,,0.943088011,,1.018604464,,1.059918966,1.266235408
31/05/2022,,,0.935948904,,1.01414597,,1.05216065,1.26175275
01/06/2022,,,0.928715628,,1.010947224,,1.044565026,1.256273467
02/06/2022,,,0.921655048,,1.009392142,,1.03698836,1.248741023
03/06/2022,,,0.914772091,,1.009666298,,1.029294529,1.238425463
04/06/2022,,,0.907901463,,1.011935003,,1.021488742,1.225302688
05/06/2022,,,0.90079348,,1.016164468,,1.013750519,1.210066991
06/06/2022,,,0.893175947,,1.022012779,,1.00644776,1.193660601
07/06/2022,,,0.884843069,,1.02886221,,1.000003615,1.17692389
08/06/2022,,,0.875844013,,1.035927371,,0.994678113,1.160480412
09/06/2022,,,0.866701089,,1.042410258,,0.990687952,1.1447389
10/06/2022,,,0.858319624,,1.047573223,,0.988206409,1.129931678
11/06/2022,,,0.851587477,,1.05073189,,0.987210766,1.116144634
12/06/2022,,,0.846970933,,1.051035792,,0.987415965,1.103361168
13/06/2022,,,0.844496047,,1.046489328,,0.98832854,1.091701622
14/06/2022,,,0.843937532,,1.035901353,,0.989432009,1.081500767
15/06/2022,,,0.844975507,,1.020079312,,0.990426414,1.07313874
16/06/2022,,,0.847279245,,1.001625477,,0.991082639,1.066767278
17/06/2022,,,0.850563687,,0.983954601,,0.99117857,1.062443615
18/06/2022,,,0.854682224,,0.970184319,,0.99059391,1.060097525
19/06/2022,,,0.859741428,,0.962955236,,0.989346936,1.05938925
20/06/2022,,,0.865876856,,0.965301757,,0.98759199,1.059697645
21/06/2022,,,0.872933956,,0.979177287,,0.985631313,1.060237452
22/06/2022,,,0.880440108,,1.005173393,,0.983788938,1.060296333
23/06/2022,,,0.88792642,,1.042243162,,0.982294495,1.059510372
24/06/2022,,,0.895034306,,1.087722772,,0.981226849,1.057714193
25/06/2022,,,0.901590494,,1.137659272,,0.98051314,1.054893335
26/06/2022,,,0.907698567,,1.187289269,,0.979975859,1.051216646
27/06/2022,,,0.913739908,,1.231817071,,0.979384421,1.046961899
28/06/2022,,,0.92023897,,1.267126426,,0.978455663,1.042306774
29/06/2022,,,0.927532968,,1.290481128,,0.976960857,1.037280361
30/06/2022,,,0.935327554,,1.30169406,,0.974811888,1.031872798
01/07/2022,,,0.942799524,,1.302097641,,0.972079093,1.026102763
02/07/2022,,,0.94899558,,1.293577959,,0.968906873,1.02004201
03/07/2022,,,0.953309956,,1.278326124,,0.965403235,1.01383036
04/07/2022,,,0.955429411,,1.258861487,,0.961684678,1.007714811
05/07/2022,,,0.955287496,,1.237829153,,0.957911966,1.00216462
06/07/2022,,,0.953157301,,1.217215196,,0.954279723,0.997814154
07/07/2022,,,0.949653494,,1.197733789,,0.950979858,0.99523356
08/07/2022,,,0.945605653,,1.179495778,,0.948168707,0.994713149
09/07/2022,,,0.941769948,,1.162443279,,0.946004907,0.996170605
10/07/2022,,,0.938453585,,1.146596587,,0.944707224,0.999360486
11/07/2022,,,0.935729562,,1.131935313,,0.944447012,1.003957136
12/07/2022,,,0.933621829,,1.118282255,,0.945262505,1.009575071
13/07/2022,,,0.932104806,,1.105330893,,0.947052659,1.015786605
14/07/2022,,,0.931123191,,1.092839519,,0.949685699,1.022166645
15/07/2022,,,0.930637957,,1.080916042,,0.9531491,1.028385383
16/07/2022,,,0.930653102,,1.07011721,,0.957488285,1.034254198
17/07/2022,,,0.931215732,,1.060977808,,0.962720266,1.039528892
18/07/2022,,,0.932389129,,1.053623679,,0.968775424,1.043898084
19/07/2022,,,0.934208768,,1.047860359,,0.975463585,1.047103611
20/07/2022,,,0.936630731,,1.043459096,,0.982450468,1.049140003
21/07/2022,,,0.939484531,,1.04022707,,0.989199274,1.050297523
22/07/2022,,,0.942453502,,1.037947627,,0.99493393,1.050932589
23/07/2022,,,0.945148613,,1.036383383,,0.998872759,1.051312972
24/07/2022,,,0.947276641,,1.035504652,,1.00051262,1.051573893
25/07/2022,,,0.948706196,,1.035693988,,0.999791285,1.051727456
26/07/2022,,,0.949433797,,1.037456305,,0.996661307,1.051666184
27/07/2022,,,0.949564322,,1.041316154,,0.991111537,1.051106753
28/07/2022,,,0.94928915,,1.048253462,,0.983405554,1.049643899
29/07/2022,,,0.948846056,,1.0586869,,0.974151129,1.047009639
30/07/2022,,,0.948432587,,1.071877997,,0.964208215,1.043202184
31/07/2022,,,0.948062846,,1.086067814,,0.954478561,1.038477117
01/08/2022,,,0.947568061,,1.099054875,,0.945714964,1.033272297
02/08/2022,,,0.946721067,,1.108888834,,0.938872138,1.027980033
03/08/2022,,,0.945349189,,1.114071428,,0.934978946,1.022800095
04/08/2022,,,0.943365582,,1.113316306,,0.934748488,1.017718148
05/08/2022,,,0.940640532,,1.106259244,,0.938324492,1.012569755
06/08/2022,,,0.937136204,,1.093215642,,0.945478164,1.007159594
07/08/2022,,,0.933017285,,1.075117047,,0.956188464,1.001371474
08/08/2022,,,0.928647139,,1.053349947,,0.970444375,0.995209216
09/08/2022,,,0.924505607,,1.029540422,,0.987950495,0.988883193
10/08/2022,,,0.921063644,,1.005384813,,1.007986311,0.982737428
11/08/2022,,,0.918720048,,0.982408316,,1.029430032,0.977014009
12/08/2022,,,0.917909557,,0.961914094,,1.050910022,0.97178877
13/08/2022,,,0.918926014,,0.945021382,,1.070735612,0.967028945
14/08/2022,,,0.921792013,,0.932408171,,1.086650022,0.962609657
15/08/2022,,,0.926417798,,0.924886389,,1.096577781,0.958327018
16/08/2022,,,0.932898513,,0.922968363,,1.099471911,0.953947063
17/08/2022,,,0.941355977,,0.926345388,,1.09572822,0.949337964
18/08/2022,,,0.951752882,,0.933661528,,1.086582051,0.944677569
19/08/2022,,,0.963786226,,0.942765246,,1.07354332,0.940423704
20/08/2022,,,0.976848693,,0.951639564,,1.05806326,0.937108246
21/08/2022,,,0.990043664,,0.95901194,,1.041367965,0.935147825
22/08/2022,,,1.002110815,,0.963816905,,1.024363883,0.934715879
23/08/2022,,,1.011414778,,0.965290546,,1.00752264,0.935987188
24/08/2022,,,1.016625116,,0.962616644,,0.990841026,0.939130609
25/08/2022,,,1.017225729,,0.955471533,,0.97437712,0.944127719
26/08/2022,,,1.012992532,,0.944374188,,0.958550575,0.950687031
27/08/2022,,,1.004135603,,0.930615232,,0.944114269,0.958267423
28/08/2022,,,0.991480756,,0.915898344,,0.931851893,0.966198727
29/08/2022,,,0.976382776,,0.901808208,,0.922162057,0.973834394
30/08/2022,,,0.960449518,,0.88966781,,0.915161681,0.980348177
31/08/2022,,,0.945123302,,0.880892886,,0.910704505,0.984838253
01/09/2022,,,0.93142662,,0.876300838,,0.908338621,0.986649677
02/09/2022,,,0.920580581,,0.875806431,,0.90732186,0.985615575
03/09/2022,,,0.913775051,,0.879120192,,0.906754367,0.982065337
04/09/2022,,,0.911697749,,0.88620502,,0.905898871,0.976537801
05/09/2022,,,0.914282653,,0.897229626,,0.904574666,0.969564709
06/09/2022,,,0.920952121,,0.912211855,,0.902908317,0.961574864
07/09/2022,,,0.930995249,,0.930842069,,0.901130034,0.952874059
08/09/2022,,,0.943780445,,0.952610572,,0.89946848,0.943643337
09/09/2022,,,0.958774011,,0.977230861,,0.898070378,0.933916118
10/09/2022,,,0.975461607,,1.004976709,,0.896950298,0.923643882
11/09/2022,,,0.993301564,,1.03736536,,0.895988061,0.912946936
12/09/2022,,,1.011705867,,1.07478162,,0.895015522,0.902195524
13/09/2022,,,1.029807451,,1.11518836,,0.893898808,0.891861981
14/09/2022,,,1.046514663,,1.154594824,,0.892580844,0.882183754
15/09/2022,,,1.060967853,,1.188381423,,0.891095179,0.873061126
16/09/2022,,,1.072229145,,1.2123667,,0.889567369,0.864225105
17/09/2022,,,1.079609744,,1.223096381,,0.88819886,0.855354076
18/09/2022,,,1.083187522,,1.218149983,,0.887224357,0.846123237
19/09/2022,,,1.083925656,,1.197453186,,0.886797694,0.836254324
20/09/2022,,,1.083378533,,1.161836427,,0.886932757,0.825659569
21/09/2022,,,1.083042929,,1.113743262,,0.887542483,0.814730023
22/09/2022,,,1.083687177,,1.057143941,,0.888497606,0.804316888
23/09/2022,,,1.085752914,,0.996705562,,0.889730419,0.795347219
24/09/2022,,,1.089358004,,0.936938947,,0.891265055,0.788485507
25/09/2022,,,1.094219941,,0.881364261,,0.893201275,0.783902758
26/09/2022,,,1.099689052,,0.832842409,,0.895671877,0.781335282
27/09/2022,,,1.104633119,,0.79442857,,0.898763879,0.780369701
28/09/2022,,,1.108147703,,0.768605191,,0.902399137,0.780661365
29/09/2022,,,1.110057578,,0.758386328,,0.906273175,0.782038036
30/09/2022,,,1.110933957,,0.766474532,,0.909821403,0.784515992
01/10/2022,,,1.111785507,,0.793854127,,0.912346022,0.788259927
02/10/2022,,,1.113586988,,0.83839775,,0.913253093,0.793538517
03/10/2022,,,1.11698541,,0.894311238,,0.912286835,0.800455521
04/10/2022,,,1.122438699,,0.954090482,,0.909309063,0.808586563
05/10/2022,,,1.129891997,,1.010383597,,0.904050401,0.817045298
06/10/2022,,,1.138852957,,1.056445301,,0.896412632,0.824901718
07/10/2022,,,1.149200028,,1.088141144,,0.886697623,0.831031275
08/10/2022,,,1.161085421,,1.10371592,,0.875608793,0.834509079
09/10/2022,,,1.174295761,,1.1037482,,0.864038594,0.835113197
10/10/2022,,,1.188090409,,1.090983121,,0.852769871,0.833548491
11/10/2022,,,1.201355486,,1.069809574,,0.842673861,0.831301826
12/10/2022,,,1.212821003,,1.045169514,,0.834959773,0.830030109
13/10/2022,,,1.221158932,,1.020556458,,0.830761332,0.830756629
14/10/2022,,,1.224719499,,0.997470233,,0.830753783,0.834138747
15/10/2022,,,1.222093428,,0.976526022,,0.835055388,0.840310498
16/10/2022,,,1.21302141,,0.957719531,,0.843843921,0.848826401
17/10/2022,,,1.198676257,,0.940675826,,0.857542104,0.858991007
18/10/2022,,,1.18099943,,0.925157386,,0.876538097,0.869923281
19/10/2022,,,1.161734728,,0.911148869,,0.90090407,0.880843458
20/10/2022,,,1.14201481,,0.898658287,,0.930168953,0.89142941
21/10/2022,,,1.122397875,,0.887653708,,0.963159107,0.901984576
22/10/2022,,,1.103081272,,0.878524736,,0.997859083,0.91332716
23/10/2022,,,1.084099604,,0.87236275,,1.030847854,0.926302114
24/10/2022,,,1.065381218,,0.870592053,,1.057850971,0.941061415
25/10/2022,,,1.047016506,,0.874415731,,1.075258028,0.95703728
26/10/2022,,,1.029487616,,0.884936464,,1.08163268,0.973016681
27/10/2022,,,1.013305925,,0.902633398,,1.077621696,0.987479446
28/10/2022,,,0.998700521,,0.926928439,,1.064481092,0.999242388
29/10/2022,,,0.98561026,,0.956033711,,1.04396708,1.007100508
30/10/2022,,,0.973755531,,0.987109417,,1.018329069,1.010048404
31/10/2022,,,0.962667177,,1.016899957,,0.9900767,1.008026136
01/11/2022,,,0.951754445,,1.042216719,,0.961521437,1.002150752
02/11/2022,,,0.940540024,,1.060506884,,0.934106407,0.994447843
03/11/2022,,,0.929138494,,1.070463098,,0.908692672,0.987209519
04/11/2022,,,0.918425104,,1.07151262,,0.886737365,0.982186811
05/11/2022,,,0.909708407,,1.064141904,,0.869960014,0.980970537
06/11/2022,,,0.904140257,,1.050101033,,0.859714491,0.984883049
07/11/2022,,,0.902277295,,1.032173188,,0.856499637,0.994377018
08/11/2022,,,0.904408265,,1.013480992,,0.859930693,1.008903497
09/11/2022,,,0.910535676,,0.996266203,,0.86838938,1.027300429
10/11/2022,,,0.920236658,,0.981723415,,0.879921906,1.048273445
11/11/2022,,,0.932626872,,0.970630565,,0.893134357,1.070657689
12/11/2022,,,0.94647051,,0.963196312,,0.907678982,1.0935457
13/11/2022,,,0.960485672,,0.959056813,,0.924384215,1.116296714
14/11/2022,,,0.973650451,,0.957780809,,0.944941906,1.138425468
15/11/2022,,,0.984801224,,0.95908298,,0.97097265,1.159360227
16/11/2022,,,0.992801744,,0.962718255,,1.003756119,1.178115363
17/11/2022,,,0.997030355,,0.968349254,,1.042944305,1.193254558
18/11/2022,,,0.997512372,,0.975771167,,1.086223757,1.203335439
19/11/2022,,,0.994572527,,0.985019934,,1.130355997,1.207561262
20/11/2022,,,0.988720037,,0.996438592,,1.172292456,1.206090974
21/11/2022,,,0.980612013,,1.010488606,,1.210286222,1.199189865
22/11/2022,,,0.971021029,,1.027990893,,1.243823178,1.18751718
23/11/2022,,,0.960742012,,1.049164182,,1.273210698,1.172401621
24/11/2022,,,0.950371442,,1.073104536,,1.298985372,1.155710405
25/11/2022,,,0.940309893,,1.097919708,,1.321135292,1.139459321
26/11/2022,,,0.931074871,,1.121176104,,1.338453899,1.125281907
27/11/2022,,,0.923198378,,1.140324324,,1.348911839,1.114143618
28/11/2022,,,0.916874616,,1.153026116,,1.35039656,1.106939752
29/11/2022,,,0.911905066,,1.15753054,,1.341949419,1.104217023
30/11/2022,,,0.907976864,,1.153523434,,1.324450428,1.105853049
01/12/2022,,,0.904798899,,1.14201174,,1.300319573,1.111209829
02/12/2022,,,0.902124894,,1.124682838,,1.272124426,1.119795014
03/12/2022,,,0.899762167,,1.103413667,,1.242029057,1.131083188
04/12/2022,,,0.897670201,,1.08006262,,1.211713601,1.14429213
05/12/2022,,,0.896222872,,1.056355694,,1.182432517,1.15836226
06/12/2022,,,0.896117043,,1.033518633,,1.155051134,1.172081032
07/12/2022,,,0.897904121,,1.012316695,,1.129981944,1.18426781
08/12/2022,,,0.901759261,,0.992982094,,1.107301087,1.193796436
09/12/2022,,,0.907581595,,0.975426712,,1.087385406,1.199337955
10/12/2022,,,0.915277919,,0.959432013,,1.070942108,1.199876255
11/12/2022,,,0.924818994,,0.944907254,,1.058647996,1.195224334
12/12/2022,,,0.936204036,,0.931826888,,1.050629963,1.186306136
13/12/2022,,,0.949381984,,0.920037646,,1.046754293,1.174824021
14/12/2022,,,0.964135818,,0.909303614,,1.04714096,1.162359415
15/12/2022,,,0.979930917,,0.899870739,,1.05161651,1.149916775
16/12/2022,,,0.995737195,,0.892577732,,1.059301151,1.137900643
17/12/2022,,,1.009991093,,0.888476613,,1.068632498,1.126276515
18/12/2022,,,1.021158838,,0.888381105,,1.077798194,1.114737933
19/12/2022,,,1.028447487,,0.892781236,,1.085412061,1.10275403
20/12/2022,,,1.031676152,,0.901780492,,1.090418549,1.08978901
21/12/2022,,,1.031127926,,0.915031636,,1.091678535,1.075791802
22/12/2022,,,1.027501828,,0.931666042,,1.088481464,1.061217238
23/12/2022,,,1.0218105,,0.950299931,,1.080907113,1.046650524
24/12/2022,,,1.015180116,,0.969344689,,1.069760583,1.032633279
25/12/2022,,,1.008499424,,0.987203629,,1.056141856,1.019511131
26/12/2022,,,1.002060743,,1.002699121,,1.040987397,1.007300381
27/12/2022,,,0.99594695,,1.015070758,,1.024952113,0.995674821
28/12/2022,,,0.990285864,,1.02373019,,1.008431064,0.984084641
29/12/2022,,,0.985245789,,1.028513635,,0.991621309,0.97204336
30/12/2022,,,0.980943522,,1.029958918,,0.974613175,0.959522177
31/12/2022,,,0.977470201,,1.029297102,,0.957545795,0.946976361
01/01/2023,,,0.974886352,,1.027995057,,0.940861252,0.935218071
02/01/2023,,,0.973187346,,1.026846514,,0.925472811,0.925159128
03/01/2023,,,0.972278992,,1.025967117,,0.912551208,0.917385606
04/01/2023,,,0.971986561,,1.025322585,,0.903103301,0.912203042
05/01/2023,,,0.972123291,,1.024843656,,0.897551098,0.909775879
06/01/2023,,,0.972585869,,1.02445999,,0.896123313,0.909966967
07/01/2023,,,0.973296651,,1.024121037,,0.8989022,0.912240258
08/01/2023,,,0.974168381,,1.023806663,,0.905579335,0.915700173
09/01/2023,,,0.975107334,,1.023525182,,0.915328742,0.91933454
10/01/2023,,,0.976047864,,1.023297311,,0.9268845,0.922473984
11/01/2023,,,0.97697278,,1.023127557,,0.938887425,0.924709864
12/01/2023,,,0.977902428,,1.023005101,,0.950321924,0.925660014
13/01/2023,,,0.97887386,,1.022918463,,0.960045402,0.925064528
14/01/2023,,,0.979919823,,1.022857967,,0.966761172,0.92287156
15/01/2023,,,0.981050215,,1.022816134,,0.969441814,0.919126665
16/01/2023,,,0.982240037,,1.022787422,,0.967739383,0.913791933
17/01/2023,,,0.983406174,,1.022767834,,0.961792364,0.906860279
18/01/2023,,,0.984415155,,1.022754538,,0.951432437,0.898445955
19/01/2023,,,0.98514162,,1.022745549,,0.936529079,0.888802448
20/01/2023,,,0.985517578,,1.022739494,,0.917373987,0.878283161
21/01/2023,,,0.985447339,,1.022735427,,0.894778232,0.867266658
22/01/2023,,,0.984887537,,1.022732704,,0.869923142,0.856248622
23/01/2023,,,0.983924868,,1.022730883,,0.844040984,0.845986989
24/01/2023,,,0.982777068,,1.02272967,,0.818552063,0.83727478
25/01/2023,,,0.98173088,,1.022728862,,0.795797591,0.830681956
26/01/2023,,,0.981027785,,1.022728325,,0.778462068,0.826223504
27/01/2023,,,0.980783919,,1.022727968,,0.768749951,0.823181518
28/01/2023,,,0.981085907,,1.022727732,,0.767763713,0.820653245
29/01/2023,,,0.981950677,,1.022727576,,0.775801493,0.818022227
30/01/2023,,,0.983313662,,1.022727473,,0.792679751,0.815159566
31/01/2023,,,0.984954595,,1.022727404,,0.817923248,0.812421929
01/02/2023,,,0.986520405,,1.022700691,,0.850846958,0.810542994
02/02/2023,,,0.987757663,,1.022550355,,0.890611327,0.81067678
03/02/2023,,,0.988642787,,1.022210945,,0.936344637,0.81438032
04/02/2023,,,0.989382674,,1.021713207,,0.987087081,0.822793749
05/02/2023,,,0.990315177,,1.021175425,,1.040620415,0.836160796
06/02/2023,,,0.991748221,,1.020748307,,1.092874565,0.854007514
07/02/2023,,,0.99394984,,1.020556999,,1.138584508,0.875424327
08/02/2023,,,0.997128889,,1.020694331,,1.17319765,0.899458766
09/02/2023,,,1.001289568,,1.02126778,,1.194952709,0.925495222
10/02/2023,,,1.006268073,,1.022372274,,1.204751642,0.953412299
11/02/2023,,,1.011841744,,1.024121067,,1.205600326,0.983422135
12/02/2023,,,1.017766492,,1.026515483,,1.201315271,1.01550245
13/02/2023,,,1.023821706,,1.029387227,,1.195485892,1.048585307
14/02/2023,,,1.029845707,,1.032435234,,1.190764359,1.080401059
15/02/2023,,,1.035735869,,1.035307903,,1.188221224,1.10799093
16/02/2023,,,1.041389325,,1.037683646,,1.186973448,1.128809378
17/02/2023,,,1.046583905,,1.039293126,,1.185225897,1.142025958
18/02/2023,,,1.050932386,,1.039910485,,1.181036031,1.148343044
19/02/2023,,,1.054025586,,1.039397964,,1.173178315,1.14919898
20/02/2023,,,1.055644048,,1.037671976,,1.16152556,1.146287527
21/02/2023,,,1.055693338,,1.034772943,,1.14696258,1.141287053
22/02/2023,,,1.053940582,,1.030908704,,1.131029933,1.135620553
23/02/2023,,,1.050333747,,1.026443892,,1.115215269,1.130068125
24/02/2023,,,1.04521052,,1.021833202,,1.100474608,1.124312534
25/02/2023,,,1.039280105,,1.017496147,,1.087122555,1.1175128
26/02/2023,,,1.033439426,,1.013785565,,1.074936387,1.109093329
27/02/2023,,,1.028489454,,1.010947407,,1.06335137,1.099025831
28/02/2023,,,1.025108814,,1.009128814,,1.051693153,1.087735298
01/03/2023,,,1.024033408,,1.008389939,,1.039336857,1.075840874
02/03/2023,,,1.025700197,,1.008670697,,1.02603408,1.063881948
03/03/2023,,,1.03013437,,1.009766661,,1.011993335,1.052162457
04/03/2023,,,1.037301399,,1.011352249,,0.997595761,1.040728508
05/03/2023,,,1.046993189,,1.013081465,,0.983271482,1.02943667
06/03/2023,,,1.058714436,,1.014762741,,0.969435507,1.018092804
07/03/2023,,,1.071706402,,1.016317377,,0.956305911,1.006639347
08/03/2023,,,1.085053223,,1.01771681,,0.943820112,0.995296825
09/03/2023,,,1.097816326,,1.018943883,,0.931660949,0.984606319
10/03/2023,,,1.109040884,,1.01997291,,0.91943473,0.975266613
11/03/2023,,,1.117524819,,1.020782572,,0.907019502,0.967768762
12/03/2023,,,1.122212606,,1.021377538,,0.894610927,0.962401416
13/03/2023,,,1.122692691,,1.021798971,,0.88259773,0.959343035
14/03/2023,,,1.119494061,,1.022108455,,0.871485497,0.958466573
15/03/2023,,,1.113870321,,1.022344757,,0.861723091,0.95924692
16/03/2023,,,1.107033963,,1.022523234,,0.853473314,0.960821121
17/03/2023,,,1.09972664,,1.022653776,,0.846727249,0.962231941
18/03/2023,,,1.092202254,,1.022742984,,0.841347177,0.962852599
19/03/2023,,,1.084394783,,1.022795307,,0.837026847,0.962368718
20/03/2023,,,1.076062202,,1.022815988,,0.833271124,0.960597792
21/03/2023,,,1.066808846,,1.022813277,,0.829459315,0.957567403
22/03/2023,,,1.056234909,,1.022798208,,0.82506049,0.953491148
23/03/2023,,,1.044313332,,1.022781255,,0.819925964,0.948608799
24/03/2023,,,1.031301924,,1.022766871,,0.814098016,0.943068108
25/03/2023,,,1.017423468,,1.022755661,,0.807657196,0.936942979
26/03/2023,,,1.002838723,,1.022747306,,0.800662488,0.930260197
27/03/2023,,,0.9876536,,1.022741246,,0.793106337,0.923020019
28/03/2023,,,0.971882436,,1.022736933,,0.784896558,0.915227856
29/03/2023,,,0.955464358,,1.022733903,,0.775884497,0.906964978
30/03/2023,,,0.938432309,,1.022731797,,0.765873917,0.89852459
31/03/2023,,,0.921253011,,1.022730345,,0.75462423,0.890450144
01/04/2023,,,0.905064143,,1.022729351,,0.741864225,0.883375328
02/04/2023,,,0.891371693,,1.022728673,,0.727320007,0.877810088